reference,year,month,day,avgTemperature,avgHumidity,avgCo2
flat 1a 33 draywick,2023,1,1,21.15,58.25,654.05
flat 1a 33 draywick,2023,1,2,21.54,60.93,629.91
flat 1a 33 draywick,2023,1,3,20.64,54.49,
flat 1a 33 draywick,2023,1,4,,55.67,
flat 1a 33 draywick,2023,1,5,20.84,53.39,590.17
flat 1a 33 draywick,2023,1,6,20.99,56.45,546.36
flat 1a 33 draywick,2023,1,7,21.1,56.78,
flat 1a 33 draywick,2023,1,8,20.13,53.84,636.67
flat 1a 33 draywick,2023,1,9,21.25,57.39,625.08
flat 1a 33 draywick,2023,1,10,20.31,58.93,
flat 1a 33 draywick,2023,1,11,22.18,59.58,
flat 1a 33 draywick,2023,1,12,22.72,56.32,728.36
flat 1a 33 draywick,2023,1,13,21.02,61.76,627.01
flat 1a 33 draywick,2023,1,14,20.85,58.29,526.99
flat 1a 33 draywick,2023,1,15,21.56,58.41,630.34
flat 1a 33 draywick,2023,1,16,20.73,57.82,762.61
flat 1a 33 draywick,2023,1,17,21.29,56.3,618.23
flat 1a 33 draywick,2023,1,18,20.13,66.57,
flat 1a 33 draywick,2023,1,19,20.78,57.05,
flat 1a 33 draywick,2023,1,20,21.31,56.41,744.4
flat 1a 33 draywick,2023,1,21,20.8,60.97,583.37
flat 1a 33 draywick,2023,1,22,22.09,56.64,
flat 1a 33 draywick,2023,1,23,20.89,56.69,684.96
flat 1a 33 draywick,2023,1,24,21.27,60.29,696.94
flat 1a 33 draywick,2023,1,25,21.8,55.04,688.25
flat 1a 33 draywick,2023,1,26,21.38,51.1,654.32
flat 1a 33 draywick,2023,1,27,20.79,56.41,714.11
flat 1a 33 draywick,2023,1,28,21.26,57.64,605.38
flat 1a 33 draywick,2023,1,29,22.19,55.95,746.26
flat 1a 33 draywick,2023,1,30,21.36,58.31,511.39
flat 1a 33 draywick,2023,1,31,21.87,58.7,639.22
flat 1a 33 draywick,2023,2,1,20.77,49.95,691.97
flat 1a 33 draywick,2023,2,2,20.76,58.09,611.34
flat 1a 33 draywick,2023,2,3,20.09,57.55,
flat 1a 33 draywick,2023,2,4,21.71,55.98,711.03
flat 1a 33 draywick,2023,2,5,20.85,61.05,666.98
flat 1a 33 draywick,2023,2,6,20.51,61.29,667.86
flat 1a 33 draywick,2023,2,7,21.29,57.93,652.49
flat 1a 33 draywick,2023,2,8,21.74,60.4,629.83
flat 1a 33 draywick,2023,2,9,22.74,54.34,469.13
flat 1a 33 draywick,2023,2,10,,59.71,
flat 1a 33 draywick,2023,2,11,21.69,62.15,662.49
flat 1a 33 draywick,2023,2,12,20.75,50.33,545.81
flat 1a 33 draywick,2023,2,13,21.61,58.53,664.79
flat 1a 33 draywick,2023,2,14,21.07,56.93,
flat 1a 33 draywick,2023,2,15,,58.27,658.39
flat 1a 33 draywick,2023,2,16,21.9,58.45,576.4
flat 1a 33 draywick,2023,2,17,21.51,52.85,615.76
flat 1a 33 draywick,2023,2,18,21.09,,
flat 1a 33 draywick,2023,2,19,22.17,54.87,
flat 1a 33 draywick,2023,2,20,21.02,61.66,622.68
flat 1a 33 draywick,2023,2,21,20.25,63.58,
flat 1a 33 draywick,2023,2,22,23.12,61.39,
flat 1a 33 draywick,2023,2,23,21.22,56.44,550.06
flat 1a 33 draywick,2023,2,24,21.5,64.75,670.26
flat 1a 33 draywick,2023,2,25,21.73,58.79,619.47
flat 1a 33 draywick,2023,2,26,19.3,55.22,
flat 1a 33 draywick,2023,2,27,20.95,57.45,
flat 1a 33 draywick,2023,2,28,21.84,49.68,
flat 1a 33 draywick,2023,3,1,19.56,,
flat 1a 33 draywick,2023,3,2,19.29,65.11,615.7
flat 1a 33 draywick,2023,3,3,18.68,61.64,712.98
flat 1a 33 draywick,2023,3,4,20.24,63.8,
flat 1a 33 draywick,2023,3,5,19.19,62.4,652.93
flat 1a 33 draywick,2023,3,6,19.47,59.35,701.55
flat 1a 33 draywick,2023,3,7,19.89,55.99,
flat 1a 33 draywick,2023,3,8,19.38,56.3,724.27
flat 1a 33 draywick,2023,3,9,19.16,51.7,
flat 1a 33 draywick,2023,3,10,19.03,59.83,632.4
flat 1a 33 draywick,2023,3,11,18.94,59.81,
flat 1a 33 draywick,2023,3,12,19.28,62.21,613.58
flat 1a 33 draywick,2023,3,13,18.06,59.06,636.32
flat 1a 33 draywick,2023,3,14,18.98,54.61,
flat 1a 33 draywick,2023,3,15,18.31,60.03,733.3
flat 1a 33 draywick,2023,3,16,19.47,57.85,707.45
flat 1a 33 draywick,2023,3,17,19.31,59.22,627.82
flat 1a 33 draywick,2023,3,18,19.42,56.27,
flat 1a 33 draywick,2023,3,19,19.44,60.87,
flat 1a 33 draywick,2023,3,20,19.23,64.57,577.86
flat 1a 33 draywick,2023,3,21,19.06,60.39,578.02
flat 1a 33 draywick,2023,3,22,19.37,,553.74
flat 1a 33 draywick,2023,3,23,19.17,62.02,645.85
flat 1a 33 draywick,2023,3,24,19.64,,
flat 1a 33 draywick,2023,3,25,19.03,60.74,662.59
flat 1a 33 draywick,2023,3,26,19.95,,606.32
flat 1a 33 draywick,2023,3,27,19.65,57.43,605.74
flat 1a 33 draywick,2023,3,28,18.41,60.17,645.1
flat 1a 33 draywick,2023,3,29,18.59,64.05,
flat 1a 33 draywick,2023,3,30,18.88,60.45,
flat 1a 33 draywick,2023,3,31,18.88,62.1,598.64
U404211655,2023,1,1,19.19,61.25,721.16
U404211655,2023,1,2,19.82,,663.18
U404211655,2023,1,3,20.47,56.58,733.51
U404211655,2023,1,4,19.25,60.4,
U404211655,2023,1,5,19.49,60.29,672.3
U404211655,2023,1,6,21.03,57.43,699.99
U404211655,2023,1,7,,57.86,606.59
U404211655,2023,1,8,20.16,56.83,727.96
U404211655,2023,1,9,20.64,61.29,556.9
U404211655,2023,1,10,19.02,60.9,643.44
U404211655,2023,1,11,20.83,59.16,658.44
U404211655,2023,1,12,20.47,52.49,561.95
U404211655,2023,1,13,18.94,57.93,625.41
U404211655,2023,1,14,19.72,57.98,623.22
U404211655,2023,1,15,20.45,60.1,650.31
U404211655,2023,1,16,19.03,59.52,695.59
U404211655,2023,1,17,19.71,63.32,743.73
U404211655,2023,1,18,18.65,58.86,
U404211655,2023,1,19,18.78,55.38,654.23
U404211655,2023,1,20,19.16,61.41,598.8
U404211655,2023,1,21,19.52,58.21,670.48
U404211655,2023,1,22,19.21,61.7,652.6
U404211655,2023,1,23,19.15,63.45,733.49
U404211655,2023,1,24,20.23,55.54,774.38
U404211655,2023,1,25,19.26,61.69,
U404211655,2023,1,26,20.62,62.73,594.75
U404211655,2023,1,27,20.33,61.06,
U404211655,2023,1,28,18.84,62.64,646.0
U404211655,2023,1,29,19.38,62.7,620.53
U404211655,2023,1,30,19.89,58.71,
U404211655,2023,1,31,19.58,55.56,683.99
U404211655,2023,2,1,19.8,57.56,738.63
U404211655,2023,2,2,19.12,57.11,574.29
U404211655,2023,2,3,18.96,53.46,595.71
U404211655,2023,2,4,19.24,62.81,740.11
U404211655,2023,2,5,19.24,61.34,627.24
U404211655,2023,2,6,19.19,62.69,
U404211655,2023,2,7,20.41,56.63,669.56
U404211655,2023,2,8,20.71,57.46,609.28
U404211655,2023,2,9,18.72,60.23,
U404211655,2023,2,10,20.62,50.87,650.78
U404211655,2023,2,11,18.7,56.61,
U404211655,2023,2,12,18.79,56.64,647.0
U404211655,2023,2,13,19.94,58.39,
U404211655,2023,2,14,20.44,61.41,
U404211655,2023,2,15,21.33,55.89,
U404211655,2023,2,16,19.5,63.26,649.68
U404211655,2023,2,17,18.96,56.9,619.28
U404211655,2023,2,18,21.22,60.64,689.13
U404211655,2023,2,19,19.06,62.1,663.54
U404211655,2023,2,20,20.93,55.32,554.44
U404211655,2023,2,21,19.15,65.65,
U404211655,2023,2,22,20.34,60.14,574.1
U404211655,2023,2,23,19.43,55.67,657.19
U404211655,2023,2,24,18.94,58.32,624.57
U404211655,2023,2,25,19.46,60.35,646.98
U404211655,2023,2,26,20.15,61.83,576.83
U404211655,2023,2,27,19.3,63.13,614.33
U404211655,2023,2,28,19.75,62.13,656.22
U404211655,2023,3,1,18.17,,
U404211655,2023,3,2,16.88,58.08,679.02
U404211655,2023,3,3,17.24,,570.18
U404211655,2023,3,4,17.93,64.3,574.1
U404211655,2023,3,5,17.65,59.98,587.1
U404211655,2023,3,6,17.51,67.73,
U404211655,2023,3,7,18.46,63.59,
U404211655,2023,3,8,18.23,58.68,629.14
U404211655,2023,3,9,17.52,64.56,622.29
U404211655,2023,3,10,17.48,58.39,542.03
U404211655,2023,3,11,16.91,64.14,660.17
U404211655,2023,3,12,15.69,59.67,773.55
U404211655,2023,3,13,17.95,61.37,585.53
U404211655,2023,3,14,17.82,63.26,613.46
U404211655,2023,3,15,17.83,64.52,
U404211655,2023,3,16,17.17,61.98,679.27
U404211655,2023,3,17,17.94,64.59,610.61
U404211655,2023,3,18,18.42,62.93,669.28
U404211655,2023,3,19,17.46,65.6,
U404211655,2023,3,20,17.62,63.58,620.06
U404211655,2023,3,21,,64.87,673.7
U404211655,2023,3,22,18.18,61.66,615.62
U404211655,2023,3,23,17.74,65.67,725.82
U404211655,2023,3,24,17.3,60.33,635.77
U404211655,2023,3,25,17.73,62.61,638.11
U404211655,2023,3,26,17.28,65.37,641.88
U404211655,2023,3,27,18.09,63.2,575.61
U404211655,2023,3,28,17.99,,
U404211655,2023,3,29,17.66,66.61,681.68
U404211655,2023,3,30,18.31,60.01,560.08
U404211655,2023,3,31,17.12,61.54,606.17
flat 2b 54,2023,1,1,22.0,56.81,
flat 2b 54,2023,1,2,20.72,61.89,737.83
flat 2b 54,2023,1,3,21.24,,704.69
flat 2b 54,2023,1,4,21.14,62.49,661.9
flat 2b 54,2023,1,5,20.49,57.45,691.69
flat 2b 54,2023,1,6,20.22,61.65,664.37
flat 2b 54,2023,1,7,20.21,56.9,
flat 2b 54,2023,1,8,21.77,51.07,663.74
flat 2b 54,2023,1,9,21.2,59.14,621.2
flat 2b 54,2023,1,10,20.81,56.33,586.52
flat 2b 54,2023,1,11,,56.35,524.6
flat 2b 54,2023,1,12,21.34,59.9,634.95
flat 2b 54,2023,1,13,20.47,57.95,754.91
flat 2b 54,2023,1,14,21.18,57.15,517.38
flat 2b 54,2023,1,15,19.9,56.36,597.22
flat 2b 54,2023,1,16,21.4,,710.7
flat 2b 54,2023,1,17,21.7,60.21,722.8
flat 2b 54,2023,1,18,19.91,57.59,
flat 2b 54,2023,1,19,21.36,62.5,
flat 2b 54,2023,1,20,21.87,62.1,628.41
flat 2b 54,2023,1,21,21.47,58.22,
flat 2b 54,2023,1,22,21.0,60.33,
flat 2b 54,2023,1,23,21.24,55.09,
flat 2b 54,2023,1,24,20.97,60.02,544.91
flat 2b 54,2023,1,25,21.41,62.61,742.45
flat 2b 54,2023,1,26,21.43,53.24,695.63
flat 2b 54,2023,1,27,21.32,56.45,652.71
flat 2b 54,2023,1,28,21.58,59.11,605.63
flat 2b 54,2023,1,29,20.85,60.27,546.22
flat 2b 54,2023,1,30,21.69,62.12,646.61
flat 2b 54,2023,1,31,21.28,59.37,676.72
flat 2b 54,2023,2,1,22.04,63.56,538.85
flat 2b 54,2023,2,2,21.33,55.01,
flat 2b 54,2023,2,3,21.14,57.45,502.62
flat 2b 54,2023,2,4,21.83,56.35,
flat 2b 54,2023,2,5,22.72,59.15,659.05
flat 2b 54,2023,2,6,22.11,56.35,570.04
flat 2b 54,2023,2,7,20.8,58.73,676.2
flat 2b 54,2023,2,8,20.79,60.36,710.34
flat 2b 54,2023,2,9,21.05,56.36,722.18
flat 2b 54,2023,2,10,20.9,58.03,591.29
flat 2b 54,2023,2,11,20.08,56.18,651.98
flat 2b 54,2023,2,12,20.18,,647.01
flat 2b 54,2023,2,13,22.17,65.22,
flat 2b 54,2023,2,14,22.5,55.68,771.27
flat 2b 54,2023,2,15,20.98,53.36,603.27
flat 2b 54,2023,2,16,23.62,55.25,588.75
flat 2b 54,2023,2,17,20.49,57.27,665.21
flat 2b 54,2023,2,18,22.44,50.84,600.65
flat 2b 54,2023,2,19,21.91,55.7,598.67
flat 2b 54,2023,2,20,22.46,58.61,609.45
flat 2b 54,2023,2,21,21.8,57.66,696.53
flat 2b 54,2023,2,22,21.18,58.89,613.77
flat 2b 54,2023,2,23,21.65,57.09,
flat 2b 54,2023,2,24,20.27,58.39,648.16
flat 2b 54,2023,2,25,20.14,55.06,529.64
flat 2b 54,2023,2,26,20.86,55.96,719.72
flat 2b 54,2023,2,27,21.79,63.27,
flat 2b 54,2023,2,28,21.36,60.04,
flat 2b 54,2023,3,1,18.74,57.68,709.02
flat 2b 54,2023,3,2,18.57,57.34,686.53
flat 2b 54,2023,3,3,18.93,53.95,
flat 2b 54,2023,3,4,19.5,56.46,628.14
flat 2b 54,2023,3,5,18.43,54.63,
flat 2b 54,2023,3,6,20.85,56.09,714.72
flat 2b 54,2023,3,7,18.6,62.35,
flat 2b 54,2023,3,8,19.44,57.64,657.46
flat 2b 54,2023,3,9,18.51,60.0,685.45
flat 2b 54,2023,3,10,18.04,60.35,
flat 2b 54,2023,3,11,18.7,56.48,637.61
flat 2b 54,2023,3,12,19.09,58.22,673.61
flat 2b 54,2023,3,13,18.56,53.15,633.68
flat 2b 54,2023,3,14,18.3,57.08,
flat 2b 54,2023,3,15,18.33,65.57,712.83
flat 2b 54,2023,3,16,18.61,59.81,
flat 2b 54,2023,3,17,18.05,59.47,
flat 2b 54,2023,3,18,19.23,63.74,677.91
flat 2b 54,2023,3,19,17.46,64.6,617.52
flat 2b 54,2023,3,20,18.98,62.66,
flat 2b 54,2023,3,21,19.05,62.99,580.68
flat 2b 54,2023,3,22,19.9,63.78,577.72
flat 2b 54,2023,3,23,19.03,62.73,740.55
flat 2b 54,2023,3,24,18.34,60.6,
flat 2b 54,2023,3,25,18.49,52.89,656.09
flat 2b 54,2023,3,26,20.03,59.11,601.08
flat 2b 54,2023,3,27,18.79,55.96,
flat 2b 54,2023,3,28,19.0,60.79,672.86
flat 2b 54,2023,3,29,19.48,62.03,673.31
flat 2b 54,2023,3,30,18.86,58.9,627.77
flat 2b 54,2023,3,31,19.68,64.21,659.26
U295345,2023,1,1,21.15,57.34,566.1
U295345,2023,1,2,20.88,58.36,668.88
U295345,2023,1,3,20.56,62.67,701.74
U295345,2023,1,4,19.53,56.02,
U295345,2023,1,5,21.36,53.89,668.09
U295345,2023,1,6,20.8,53.96,700.44
U295345,2023,1,7,22.48,53.59,680.81
U295345,2023,1,8,22.02,49.22,
U295345,2023,1,9,21.31,60.43,
U295345,2023,1,10,20.94,60.2,636.44
U295345,2023,1,11,21.19,54.53,
U295345,2023,1,12,21.74,57.56,
U295345,2023,1,13,21.09,49.62,
U295345,2023,1,14,21.04,56.41,654.28
U295345,2023,1,15,21.06,54.87,
U295345,2023,1,16,22.61,54.7,635.75
U295345,2023,1,17,20.26,63.82,
U295345,2023,1,18,20.92,60.37,643.23
U295345,2023,1,19,21.23,57.93,
U295345,2023,1,20,20.64,57.42,
U295345,2023,1,21,22.33,54.71,694.41
U295345,2023,1,22,21.99,55.15,
U295345,2023,1,23,21.35,55.97,684.61
U295345,2023,1,24,20.49,62.51,542.02
U295345,2023,1,25,20.15,61.61,658.2
U295345,2023,1,26,21.99,50.86,706.47
U295345,2023,1,27,21.93,51.82,
U295345,2023,1,28,20.49,56.14,
U295345,2023,1,29,20.47,54.1,625.13
U295345,2023,1,30,,52.9,
U295345,2023,1,31,20.73,58.71,
U295345,2023,2,1,21.91,53.24,733.52
U295345,2023,2,2,20.13,59.79,
U295345,2023,2,3,21.71,57.37,666.97
U295345,2023,2,4,20.64,53.91,
U295345,2023,2,5,21.44,56.66,
U295345,2023,2,6,20.85,,562.55
U295345,2023,2,7,21.55,59.6,608.8
U295345,2023,2,8,21.28,57.6,637.55
U295345,2023,2,9,22.23,59.37,
U295345,2023,2,10,20.83,,631.57
U295345,2023,2,11,21.44,52.92,505.39
U295345,2023,2,12,20.09,,684.59
U295345,2023,2,13,20.34,54.61,680.56
U295345,2023,2,14,20.78,62.84,605.96
U295345,2023,2,15,19.49,61.63,679.3
U295345,2023,2,16,22.03,53.07,
U295345,2023,2,17,20.07,54.17,
U295345,2023,2,18,21.31,61.91,
U295345,2023,2,19,21.29,54.48,584.01
U295345,2023,2,20,22.38,52.18,661.82
U295345,2023,2,21,21.38,58.18,471.85
U295345,2023,2,22,21.24,50.56,679.25
U295345,2023,2,23,21.05,55.19,728.49
U295345,2023,2,24,20.98,58.68,572.43
U295345,2023,2,25,20.88,56.12,609.13
U295345,2023,2,26,22.49,53.85,780.79
U295345,2023,2,27,20.98,54.35,712.05
U295345,2023,2,28,19.88,57.4,613.62
U295345,2023,3,1,17.66,61.93,637.18
U295345,2023,3,2,18.99,,736.68
U295345,2023,3,3,19.0,54.83,
U295345,2023,3,4,19.82,59.49,692.84
U295345,2023,3,5,19.95,64.2,
U295345,2023,3,6,18.65,60.57,638.57
U295345,2023,3,7,18.23,64.42,
U295345,2023,3,8,18.79,55.6,661.36
U295345,2023,3,9,,,627.7
U295345,2023,3,10,18.35,59.68,618.63
U295345,2023,3,11,18.7,62.22,
U295345,2023,3,12,18.99,60.61,
U295345,2023,3,13,19.33,54.45,
U295345,2023,3,14,19.04,62.62,
U295345,2023,3,15,19.31,60.2,652.37
U295345,2023,3,16,19.4,59.39,594.24
U295345,2023,3,17,19.48,57.75,590.23
U295345,2023,3,18,19.64,58.88,663.17
U295345,2023,3,19,17.93,60.08,
U295345,2023,3,20,18.16,58.09,705.54
U295345,2023,3,21,18.96,65.12,652.33
U295345,2023,3,22,18.79,62.38,651.87
U295345,2023,3,23,,,671.49
U295345,2023,3,24,19.26,59.79,717.69
U295345,2023,3,25,19.27,59.12,656.87
U295345,2023,3,26,19.21,60.06,
U295345,2023,3,27,19.24,58.51,630.12
U295345,2023,3,28,18.87,63.73,
U295345,2023,3,29,18.92,64.89,629.22
U295345,2023,3,30,18.56,60.3,655.61
U295345,2023,3,31,19.08,58.97,
apt 4b quinley,2023,1,1,20.42,53.4,
apt 4b quinley,2023,1,2,21.87,55.66,
apt 4b quinley,2023,1,3,22.93,56.87,
apt 4b quinley,2023,1,4,21.89,53.93,
apt 4b quinley,2023,1,5,21.02,,
apt 4b quinley,2023,1,6,22.61,57.43,653.05
apt 4b quinley,2023,1,7,20.66,,
apt 4b quinley,2023,1,8,21.72,56.91,
apt 4b quinley,2023,1,9,,54.5,
apt 4b quinley,2023,1,10,21.83,59.49,
apt 4b quinley,2023,1,11,22.11,56.12,
apt 4b quinley,2023,1,12,21.39,61.64,
apt 4b quinley,2023,1,13,21.57,61.16,
apt 4b quinley,2023,1,14,21.33,57.85,
apt 4b quinley,2023,1,15,23.22,56.85,726.62
apt 4b quinley,2023,1,16,21.51,58.4,
apt 4b quinley,2023,1,17,21.91,54.98,
apt 4b quinley,2023,1,18,,59.62,
apt 4b quinley,2023,1,19,22.8,60.17,577.88
apt 4b quinley,2023,1,20,21.68,58.75,
apt 4b quinley,2023,1,21,21.87,56.14,
apt 4b quinley,2023,1,22,22.4,55.31,
apt 4b quinley,2023,1,23,22.21,58.62,
apt 4b quinley,2023,1,24,22.39,,509.86
apt 4b quinley,2023,1,25,,57.28,
apt 4b quinley,2023,1,26,21.55,,
apt 4b quinley,2023,1,27,23.01,58.29,
apt 4b quinley,2023,1,28,22.36,55.15,714.58
apt 4b quinley,2023,1,29,21.23,58.62,
apt 4b quinley,2023,1,30,22.45,52.77,655.03
apt 4b quinley,2023,1,31,24.17,53.72,648.4
apt 4b quinley,2023,2,1,22.24,60.83,
apt 4b quinley,2023,2,2,21.25,54.13,
apt 4b quinley,2023,2,3,21.49,55.84,
apt 4b quinley,2023,2,4,22.61,53.46,
apt 4b quinley,2023,2,5,22.08,56.63,
apt 4b quinley,2023,2,6,21.51,59.21,
apt 4b quinley,2023,2,7,20.32,53.03,
apt 4b quinley,2023,2,8,,55.99,600.84
apt 4b quinley,2023,2,9,21.6,54.63,724.64
apt 4b quinley,2023,2,10,22.62,58.73,
apt 4b quinley,2023,2,11,20.97,58.18,592.17
apt 4b quinley,2023,2,12,22.55,54.79,579.1
apt 4b quinley,2023,2,13,22.16,53.18,
apt 4b quinley,2023,2,14,21.52,53.05,
apt 4b quinley,2023,2,15,22.94,57.99,
apt 4b quinley,2023,2,16,23.18,55.31,
apt 4b quinley,2023,2,17,21.78,52.21,
apt 4b quinley,2023,2,18,21.41,57.01,
apt 4b quinley,2023,2,19,21.73,61.26,
apt 4b quinley,2023,2,20,21.48,59.16,
apt 4b quinley,2023,2,21,21.34,54.89,
apt 4b quinley,2023,2,22,22.22,57.99,
apt 4b quinley,2023,2,23,21.7,57.89,
apt 4b quinley,2023,2,24,21.82,57.88,
apt 4b quinley,2023,2,25,22.76,51.9,
apt 4b quinley,2023,2,26,20.81,57.75,
apt 4b quinley,2023,2,27,21.12,54.05,
apt 4b quinley,2023,2,28,22.26,,
apt 4b quinley,2023,3,1,20.06,60.03,
apt 4b quinley,2023,3,2,20.24,60.51,
apt 4b quinley,2023,3,3,20.38,60.2,
apt 4b quinley,2023,3,4,19.65,60.23,
apt 4b quinley,2023,3,5,20.0,,
apt 4b quinley,2023,3,6,19.72,55.37,628.88
apt 4b quinley,2023,3,7,18.64,56.8,737.15
apt 4b quinley,2023,3,8,19.96,59.29,
apt 4b quinley,2023,3,9,18.48,65.34,
apt 4b quinley,2023,3,10,18.96,65.19,
apt 4b quinley,2023,3,11,20.49,56.44,590.86
apt 4b quinley,2023,3,12,18.62,60.11,
apt 4b quinley,2023,3,13,19.14,57.97,
apt 4b quinley,2023,3,14,19.94,55.88,
apt 4b quinley,2023,3,15,20.42,59.14,
apt 4b quinley,2023,3,16,19.71,55.65,
apt 4b quinley,2023,3,17,19.49,55.79,
apt 4b quinley,2023,3,18,19.01,57.84,
apt 4b quinley,2023,3,19,20.41,64.05,798.75
apt 4b quinley,2023,3,20,19.85,57.76,
apt 4b quinley,2023,3,21,19.81,,
apt 4b quinley,2023,3,22,18.66,64.15,
apt 4b quinley,2023,3,23,20.11,62.72,
apt 4b quinley,2023,3,24,19.75,62.34,
apt 4b quinley,2023,3,25,21.65,63.43,
apt 4b quinley,2023,3,26,18.72,58.81,
apt 4b quinley,2023,3,27,21.22,56.81,638.6
apt 4b quinley,2023,3,28,19.78,59.56,
apt 4b quinley,2023,3,29,20.03,61.49,
apt 4b quinley,2023,3,30,20.2,,
apt 4b quinley,2023,3,31,19.67,56.93,
U528896154,2023,1,1,20.46,52.24,696.87
U528896154,2023,1,2,21.67,58.35,677.98
U528896154,2023,1,3,21.62,58.99,558.36
U528896154,2023,1,4,20.78,55.82,
U528896154,2023,1,5,21.09,58.72,718.48
U528896154,2023,1,6,20.91,58.61,694.28
U528896154,2023,1,7,20.55,54.25,663.59
U528896154,2023,1,8,22.21,50.57,594.07
U528896154,2023,1,9,21.15,59.51,
U528896154,2023,1,10,22.44,58.31,582.35
U528896154,2023,1,11,21.47,52.96,692.71
U528896154,2023,1,12,21.6,59.29,821.69
U528896154,2023,1,13,20.17,57.97,598.6
U528896154,2023,1,14,21.26,59.37,588.54
U528896154,2023,1,15,22.6,62.7,657.79
U528896154,2023,1,16,20.43,58.84,
U528896154,2023,1,17,21.14,56.7,695.06
U528896154,2023,1,18,21.41,56.18,660.77
U528896154,2023,1,19,20.51,60.43,
U528896154,2023,1,20,21.82,53.1,752.81
U528896154,2023,1,21,21.02,56.5,600.86
U528896154,2023,1,22,21.82,63.68,553.33
U528896154,2023,1,23,19.38,61.49,606.88
U528896154,2023,1,24,21.16,63.37,752.58
U528896154,2023,1,25,20.83,56.35,
U528896154,2023,1,26,22.65,53.81,
U528896154,2023,1,27,20.84,,
U528896154,2023,1,28,21.91,62.52,652.71
U528896154,2023,1,29,19.72,60.97,634.11
U528896154,2023,1,30,22.08,55.53,
U528896154,2023,1,31,22.14,55.48,
U528896154,2023,2,1,20.55,54.32,585.9
U528896154,2023,2,2,21.17,54.69,632.22
U528896154,2023,2,3,21.45,61.49,715.1
U528896154,2023,2,4,22.37,56.49,
U528896154,2023,2,5,20.25,55.73,702.42
U528896154,2023,2,6,20.75,57.59,711.9
U528896154,2023,2,7,21.13,58.57,628.57
U528896154,2023,2,8,21.97,55.5,492.8
U528896154,2023,2,9,21.67,56.37,619.89
U528896154,2023,2,10,21.35,55.69,677.11
U528896154,2023,2,11,21.11,55.91,
U528896154,2023,2,12,20.75,56.86,649.87
U528896154,2023,2,13,20.21,56.72,608.23
U528896154,2023,2,14,20.49,62.79,700.04
U528896154,2023,2,15,21.68,,640.39
U528896154,2023,2,16,21.69,54.44,648.33
U528896154,2023,2,17,21.28,55.21,
U528896154,2023,2,18,20.54,53.56,730.96
U528896154,2023,2,19,20.66,57.37,712.79
U528896154,2023,2,20,20.82,55.0,557.39
U528896154,2023,2,21,22.07,57.38,546.12
U528896154,2023,2,22,21.56,54.66,
U528896154,2023,2,23,20.61,54.32,
U528896154,2023,2,24,20.82,61.35,638.09
U528896154,2023,2,25,21.81,54.55,649.05
U528896154,2023,2,26,21.86,54.41,741.35
U528896154,2023,2,27,21.37,61.88,510.36
U528896154,2023,2,28,20.59,57.91,610.78
U528896154,2023,3,1,18.61,62.01,767.97
U528896154,2023,3,2,19.64,58.11,643.73
U528896154,2023,3,3,18.36,62.16,649.64
U528896154,2023,3,4,19.54,66.09,686.51
U528896154,2023,3,5,19.26,60.55,665.34
U528896154,2023,3,6,18.59,58.67,629.62
U528896154,2023,3,7,19.79,58.23,
U528896154,2023,3,8,19.34,64.82,725.07
U528896154,2023,3,9,20.92,54.87,574.3
U528896154,2023,3,10,19.23,62.13,615.87
U528896154,2023,3,11,19.3,53.06,614.22
U528896154,2023,3,12,18.93,54.91,661.32
U528896154,2023,3,13,18.95,,715.12
U528896154,2023,3,14,19.16,59.3,504.9
U528896154,2023,3,15,18.98,58.69,695.33
U528896154,2023,3,16,19.61,61.17,624.23
U528896154,2023,3,17,17.96,52.45,
U528896154,2023,3,18,18.48,61.89,667.8
U528896154,2023,3,19,19.07,62.34,606.24
U528896154,2023,3,20,18.92,57.65,
U528896154,2023,3,21,19.04,60.0,683.75
U528896154,2023,3,22,19.42,53.54,658.05
U528896154,2023,3,23,18.77,58.77,614.12
U528896154,2023,3,24,18.87,,
U528896154,2023,3,25,19.66,53.68,624.73
U528896154,2023,3,26,19.28,64.72,605.15
U528896154,2023,3,27,18.73,65.29,526.51
U528896154,2023,3,28,20.25,62.44,
U528896154,2023,3,29,19.24,63.88,513.6
U528896154,2023,3,30,18.85,60.44,511.19
U528896154,2023,3,31,18.91,62.59,684.61
U330870444,2023,1,1,21.9,55.72,605.65
U330870444,2023,1,2,20.95,58.97,
U330870444,2023,1,3,20.43,58.63,717.66
U330870444,2023,1,4,20.21,61.79,604.5
U330870444,2023,1,5,21.29,,
U330870444,2023,1,6,19.89,60.13,645.37
U330870444,2023,1,7,21.77,54.83,
U330870444,2023,1,8,20.49,52.99,612.1
U330870444,2023,1,9,21.01,60.51,601.65
U330870444,2023,1,10,,57.63,676.29
U330870444,2023,1,11,21.55,57.69,
U330870444,2023,1,12,20.22,61.0,
U330870444,2023,1,13,20.59,60.74,
U330870444,2023,1,14,20.15,60.18,699.32
U330870444,2023,1,15,20.11,55.18,697.36
U330870444,2023,1,16,20.76,56.73,687.38
U330870444,2023,1,17,21.5,53.1,
U330870444,2023,1,18,20.68,53.53,
U330870444,2023,1,19,20.3,55.49,641.42
U330870444,2023,1,20,20.58,56.96,
U330870444,2023,1,21,21.11,61.02,621.76
U330870444,2023,1,22,20.14,57.21,666.03
U330870444,2023,1,23,20.14,56.74,727.7
U330870444,2023,1,24,22.29,54.77,643.02
U330870444,2023,1,25,21.34,50.33,579.08
U330870444,2023,1,26,20.23,54.58,593.46
U330870444,2023,1,27,21.05,56.11,553.02
U330870444,2023,1,28,21.68,58.0,604.32
U330870444,2023,1,29,21.46,56.55,633.06
U330870444,2023,1,30,20.44,59.76,
U330870444,2023,1,31,,53.87,731.61
U330870444,2023,2,1,20.78,58.37,721.86
U330870444,2023,2,2,20.59,57.9,
U330870444,2023,2,3,21.27,56.89,717.74
U330870444,2023,2,4,21.09,,
U330870444,2023,2,5,20.28,61.48,615.71
U330870444,2023,2,6,20.95,60.51,
U330870444,2023,2,7,20.96,56.92,
U330870444,2023,2,8,20.31,61.42,555.37
U330870444,2023,2,9,21.28,55.48,706.51
U330870444,2023,2,10,19.93,60.53,609.77
U330870444,2023,2,11,20.14,62.39,
U330870444,2023,2,12,21.6,55.76,576.18
U330870444,2023,2,13,21.0,63.05,
U330870444,2023,2,14,21.9,,
U330870444,2023,2,15,21.18,51.95,
U330870444,2023,2,16,22.25,57.02,
U330870444,2023,2,17,20.29,56.38,671.28
U330870444,2023,2,18,20.81,58.17,676.37
U330870444,2023,2,19,22.96,57.45,611.66
U330870444,2023,2,20,21.27,57.65,
U330870444,2023,2,21,21.29,55.07,681.7
U330870444,2023,2,22,21.41,59.98,512.36
U330870444,2023,2,23,20.52,56.89,583.32
U330870444,2023,2,24,21.24,58.54,
U330870444,2023,2,25,21.29,59.38,
U330870444,2023,2,26,,58.62,690.35
U330870444,2023,2,27,21.08,56.43,747.07
U330870444,2023,2,28,21.08,56.54,
U330870444,2023,3,1,19.84,57.05,
U330870444,2023,3,2,20.24,58.16,662.28
U330870444,2023,3,3,19.02,58.64,
U330870444,2023,3,4,19.15,62.05,661.11
U330870444,2023,3,5,18.94,52.93,543.75
U330870444,2023,3,6,18.99,61.51,
U330870444,2023,3,7,19.02,60.52,601.26
U330870444,2023,3,8,18.92,62.11,614.4
U330870444,2023,3,9,18.83,56.16,691.11
U330870444,2023,3,10,19.79,64.45,659.06
U330870444,2023,3,11,19.03,52.94,645.24
U330870444,2023,3,12,17.98,60.04,
U330870444,2023,3,13,19.38,57.48,590.34
U330870444,2023,3,14,20.6,62.48,
U330870444,2023,3,15,18.83,58.89,
U330870444,2023,3,16,19.32,61.32,
U330870444,2023,3,17,18.57,61.69,
U330870444,2023,3,18,19.52,52.97,599.12
U330870444,2023,3,19,19.15,,696.97
U330870444,2023,3,20,19.81,61.84,692.83
U330870444,2023,3,21,18.78,55.26,557.82
U330870444,2023,3,22,18.41,56.93,604.9
U330870444,2023,3,23,18.44,61.57,596.45
U330870444,2023,3,24,19.03,57.64,639.76
U330870444,2023,3,25,18.35,59.99,619.59
U330870444,2023,3,26,18.12,65.28,657.67
U330870444,2023,3,27,18.94,57.58,
U330870444,2023,3,28,18.31,56.32,
U330870444,2023,3,29,18.8,57.0,634.89
U330870444,2023,3,30,18.69,59.07,793.32
U330870444,2023,3,31,19.07,63.94,
unit 3 85 belcroft,2023,1,1,19.88,60.05,696.94
unit 3 85 belcroft,2023,1,2,20.57,55.44,
unit 3 85 belcroft,2023,1,3,19.43,55.38,684.31
unit 3 85 belcroft,2023,1,4,21.42,,
unit 3 85 belcroft,2023,1,5,19.37,57.79,592.15
unit 3 85 belcroft,2023,1,6,19.53,57.38,659.23
unit 3 85 belcroft,2023,1,7,20.79,60.81,592.72
unit 3 85 belcroft,2023,1,8,19.81,57.35,562.59
unit 3 85 belcroft,2023,1,9,19.13,56.95,754.51
unit 3 85 belcroft,2023,1,10,20.62,61.42,
unit 3 85 belcroft,2023,1,11,20.11,58.46,670.01
unit 3 85 belcroft,2023,1,12,19.43,58.14,629.5
unit 3 85 belcroft,2023,1,13,19.47,,
unit 3 85 belcroft,2023,1,14,19.64,58.9,809.45
unit 3 85 belcroft,2023,1,15,19.87,58.41,774.12
unit 3 85 belcroft,2023,1,16,18.85,,
unit 3 85 belcroft,2023,1,17,19.68,63.48,620.9
unit 3 85 belcroft,2023,1,18,20.59,60.56,636.43
unit 3 85 belcroft,2023,1,19,20.45,63.62,610.27
unit 3 85 belcroft,2023,1,20,20.15,53.99,668.46
unit 3 85 belcroft,2023,1,21,18.72,55.74,
unit 3 85 belcroft,2023,1,22,20.18,57.4,623.89
unit 3 85 belcroft,2023,1,23,19.59,60.6,
unit 3 85 belcroft,2023,1,24,19.91,55.29,
unit 3 85 belcroft,2023,1,25,20.76,61.48,672.54
unit 3 85 belcroft,2023,1,26,20.22,61.0,615.19
unit 3 85 belcroft,2023,1,27,20.82,56.36,
unit 3 85 belcroft,2023,1,28,20.15,55.53,617.06
unit 3 85 belcroft,2023,1,29,19.97,65.24,651.13
unit 3 85 belcroft,2023,1,30,20.53,56.34,666.39
unit 3 85 belcroft,2023,1,31,20.54,56.6,604.35
unit 3 85 belcroft,2023,2,1,21.38,54.72,695.04
unit 3 85 belcroft,2023,2,2,20.71,59.81,568.48
unit 3 85 belcroft,2023,2,3,21.52,59.48,583.08
unit 3 85 belcroft,2023,2,4,20.65,62.38,615.1
unit 3 85 belcroft,2023,2,5,18.81,53.37,
unit 3 85 belcroft,2023,2,6,19.64,52.12,589.34
unit 3 85 belcroft,2023,2,7,20.96,56.94,
unit 3 85 belcroft,2023,2,8,19.45,65.11,652.26
unit 3 85 belcroft,2023,2,9,21.61,58.4,608.35
unit 3 85 belcroft,2023,2,10,20.51,62.16,538.93
unit 3 85 belcroft,2023,2,11,20.76,55.68,695.17
unit 3 85 belcroft,2023,2,12,20.27,61.14,618.21
unit 3 85 belcroft,2023,2,13,20.05,58.44,707.53
unit 3 85 belcroft,2023,2,14,20.02,63.79,643.79
unit 3 85 belcroft,2023,2,15,19.61,55.79,
unit 3 85 belcroft,2023,2,16,20.43,55.07,673.94
unit 3 85 belcroft,2023,2,17,20.32,57.5,
unit 3 85 belcroft,2023,2,18,20.65,55.61,
unit 3 85 belcroft,2023,2,19,19.87,58.88,634.83
unit 3 85 belcroft,2023,2,20,20.03,61.66,615.23
unit 3 85 belcroft,2023,2,21,19.79,57.59,646.31
unit 3 85 belcroft,2023,2,22,20.16,62.47,683.66
unit 3 85 belcroft,2023,2,23,19.95,56.67,685.57
unit 3 85 belcroft,2023,2,24,20.42,56.32,568.72
unit 3 85 belcroft,2023,2,25,18.31,57.13,646.76
unit 3 85 belcroft,2023,2,26,20.48,55.06,667.79
unit 3 85 belcroft,2023,2,27,21.25,59.65,597.74
unit 3 85 belcroft,2023,2,28,19.67,61.92,689.78
unit 3 85 belcroft,2023,3,1,17.67,59.9,
unit 3 85 belcroft,2023,3,2,18.0,59.05,693.63
unit 3 85 belcroft,2023,3,3,18.5,63.3,640.81
unit 3 85 belcroft,2023,3,4,17.54,65.27,628.54
unit 3 85 belcroft,2023,3,5,17.86,63.03,
unit 3 85 belcroft,2023,3,6,17.3,64.49,769.83
unit 3 85 belcroft,2023,3,7,18.15,60.43,641.63
unit 3 85 belcroft,2023,3,8,17.42,55.89,608.2
unit 3 85 belcroft,2023,3,9,18.96,63.97,559.05
unit 3 85 belcroft,2023,3,10,18.26,57.73,
unit 3 85 belcroft,2023,3,11,17.56,65.36,635.45
unit 3 85 belcroft,2023,3,12,18.71,63.57,559.64
unit 3 85 belcroft,2023,3,13,18.22,60.28,685.95
unit 3 85 belcroft,2023,3,14,18.05,64.94,648.13
unit 3 85 belcroft,2023,3,15,18.76,62.27,640.47
unit 3 85 belcroft,2023,3,16,17.34,65.42,
unit 3 85 belcroft,2023,3,17,17.92,59.39,629.83
unit 3 85 belcroft,2023,3,18,18.53,68.17,570.61
unit 3 85 belcroft,2023,3,19,18.52,61.68,
unit 3 85 belcroft,2023,3,20,17.59,64.08,614.2
unit 3 85 belcroft,2023,3,21,18.06,62.67,597.63
unit 3 85 belcroft,2023,3,22,17.46,61.82,
unit 3 85 belcroft,2023,3,23,18.11,64.27,505.9
unit 3 85 belcroft,2023,3,24,17.82,58.53,653.82
unit 3 85 belcroft,2023,3,25,18.19,62.82,
unit 3 85 belcroft,2023,3,26,18.41,62.23,629.49
unit 3 85 belcroft,2023,3,27,18.05,55.13,679.33
unit 3 85 belcroft,2023,3,28,18.04,62.23,602.09
unit 3 85 belcroft,2023,3,29,17.97,60.56,
unit 3 85 belcroft,2023,3,30,17.41,,694.37
unit 3 85 belcroft,2023,3,31,17.66,62.92,601.76
U56467760,2023,1,1,22.01,53.62,
U56467760,2023,1,2,20.15,58.66,
U56467760,2023,1,3,20.67,57.64,724.31
U56467760,2023,1,4,22.28,58.76,
U56467760,2023,1,5,21.64,58.19,
U56467760,2023,1,6,20.98,57.9,608.2
U56467760,2023,1,7,21.26,60.22,
U56467760,2023,1,8,20.75,,
U56467760,2023,1,9,22.96,55.44,
U56467760,2023,1,10,21.17,62.25,682.25
U56467760,2023,1,11,20.89,57.26,
U56467760,2023,1,12,21.18,50.8,
U56467760,2023,1,13,21.59,52.21,
U56467760,2023,1,14,22.04,55.06,
U56467760,2023,1,15,21.67,53.22,
U56467760,2023,1,16,20.69,59.47,
U56467760,2023,1,17,22.28,58.52,
U56467760,2023,1,18,20.97,62.04,
U56467760,2023,1,19,21.86,56.76,
U56467760,2023,1,20,21.65,64.92,
U56467760,2023,1,21,21.5,53.6,
U56467760,2023,1,22,20.4,58.63,
U56467760,2023,1,23,20.94,55.57,
U56467760,2023,1,24,21.56,55.05,
U56467760,2023,1,25,21.21,60.24,
U56467760,2023,1,26,21.86,53.36,
U56467760,2023,1,27,21.86,56.0,
U56467760,2023,1,28,22.74,52.9,
U56467760,2023,1,29,20.95,54.15,
U56467760,2023,1,30,19.65,58.17,
U56467760,2023,1,31,21.06,57.16,
U56467760,2023,2,1,23.15,53.89,
U56467760,2023,2,2,22.49,,
U56467760,2023,2,3,21.05,57.22,
U56467760,2023,2,4,21.85,60.68,
U56467760,2023,2,5,20.95,54.77,
U56467760,2023,2,6,20.44,57.5,
U56467760,2023,2,7,21.79,56.72,
U56467760,2023,2,8,20.81,60.58,
U56467760,2023,2,9,21.63,57.91,
U56467760,2023,2,10,21.39,56.1,
U56467760,2023,2,11,20.14,55.23,
U56467760,2023,2,12,20.81,,
U56467760,2023,2,13,22.88,60.36,
U56467760,2023,2,14,21.81,61.16,
U56467760,2023,2,15,22.5,58.9,
U56467760,2023,2,16,21.06,55.39,
U56467760,2023,2,17,21.52,52.95,
U56467760,2023,2,18,21.78,58.34,
U56467760,2023,2,19,21.54,51.4,
U56467760,2023,2,20,22.67,50.48,
U56467760,2023,2,21,20.12,55.29,
U56467760,2023,2,22,20.62,55.16,
U56467760,2023,2,23,21.93,58.41,
U56467760,2023,2,24,21.34,56.81,
U56467760,2023,2,25,22.29,50.4,
U56467760,2023,2,26,22.27,52.67,
U56467760,2023,2,27,20.58,52.46,
U56467760,2023,2,28,,58.45,
U56467760,2023,3,1,18.8,64.94,
U56467760,2023,3,2,20.08,57.36,
U56467760,2023,3,3,19.17,56.58,
U56467760,2023,3,4,19.63,60.36,
U56467760,2023,3,5,19.61,61.67,
U56467760,2023,3,6,19.6,57.57,
U56467760,2023,3,7,19.12,60.08,
U56467760,2023,3,8,18.46,54.4,
U56467760,2023,3,9,19.32,60.12,
U56467760,2023,3,10,18.91,56.45,
U56467760,2023,3,11,19.5,56.35,
U56467760,2023,3,12,20.32,60.86,
U56467760,2023,3,13,19.11,61.68,
U56467760,2023,3,14,,61.24,
U56467760,2023,3,15,19.44,59.24,
U56467760,2023,3,16,19.65,62.7,
U56467760,2023,3,17,18.88,62.78,
U56467760,2023,3,18,19.75,58.11,
U56467760,2023,3,19,20.05,60.77,
U56467760,2023,3,20,18.3,59.81,
U56467760,2023,3,21,19.93,60.79,
U56467760,2023,3,22,19.76,60.48,
U56467760,2023,3,23,20.05,61.75,
U56467760,2023,3,24,19.07,59.79,
U56467760,2023,3,25,19.53,60.65,
U56467760,2023,3,26,19.96,,
U56467760,2023,3,27,20.06,62.23,
U56467760,2023,3,28,20.02,54.09,
U56467760,2023,3,29,20.41,59.99,
U56467760,2023,3,30,19.59,53.75,
U56467760,2023,3,31,18.94,54.6,
U5768354,2023,1,1,19.73,55.62,473.92
U5768354,2023,1,2,22.02,57.19,681.46
U5768354,2023,1,3,,62.05,
U5768354,2023,1,4,20.22,60.6,593.57
U5768354,2023,1,5,,57.92,
U5768354,2023,1,6,20.85,57.26,640.18
U5768354,2023,1,7,20.97,54.62,526.62
U5768354,2023,1,8,21.2,61.0,705.59
U5768354,2023,1,9,21.58,58.23,711.8
U5768354,2023,1,10,20.83,61.94,695.84
U5768354,2023,1,11,21.15,58.8,
U5768354,2023,1,12,22.75,50.9,701.6
U5768354,2023,1,13,22.74,56.6,612.41
U5768354,2023,1,14,21.2,56.53,657.5
U5768354,2023,1,15,21.97,53.07,695.43
U5768354,2023,1,16,21.31,56.83,740.83
U5768354,2023,1,17,22.06,54.95,639.61
U5768354,2023,1,18,22.51,60.29,617.52
U5768354,2023,1,19,21.09,60.5,569.58
U5768354,2023,1,20,21.49,57.71,585.46
U5768354,2023,1,21,23.09,54.46,686.39
U5768354,2023,1,22,20.31,,665.77
U5768354,2023,1,23,21.89,56.31,
U5768354,2023,1,24,,55.32,678.62
U5768354,2023,1,25,22.27,57.06,580.93
U5768354,2023,1,26,22.11,55.58,636.1
U5768354,2023,1,27,,59.16,
U5768354,2023,1,28,21.37,57.64,
U5768354,2023,1,29,21.95,54.38,598.68
U5768354,2023,1,30,,53.92,608.83
U5768354,2023,1,31,22.71,51.95,
U5768354,2023,2,1,22.23,54.76,
U5768354,2023,2,2,21.89,56.4,619.1
U5768354,2023,2,3,23.98,54.69,629.08
U5768354,2023,2,4,22.25,56.6,606.84
U5768354,2023,2,5,22.06,56.67,709.66
U5768354,2023,2,6,22.37,54.06,629.11
U5768354,2023,2,7,20.75,53.49,656.52
U5768354,2023,2,8,22.61,57.94,586.41
U5768354,2023,2,9,21.5,60.26,
U5768354,2023,2,10,21.15,,570.82
U5768354,2023,2,11,22.73,55.08,721.84
U5768354,2023,2,12,22.3,60.49,691.23
U5768354,2023,2,13,20.97,59.19,565.85
U5768354,2023,2,14,21.99,58.33,
U5768354,2023,2,15,21.73,62.21,562.59
U5768354,2023,2,16,21.46,58.55,
U5768354,2023,2,17,20.41,58.04,
U5768354,2023,2,18,21.27,63.05,658.61
U5768354,2023,2,19,20.58,55.31,562.7
U5768354,2023,2,20,21.56,61.16,612.49
U5768354,2023,2,21,21.24,56.9,670.27
U5768354,2023,2,22,21.08,57.67,590.93
U5768354,2023,2,23,21.46,49.52,795.09
U5768354,2023,2,24,21.88,60.3,685.95
U5768354,2023,2,25,22.28,54.8,
U5768354,2023,2,26,21.24,56.86,648.85
U5768354,2023,2,27,22.1,56.17,
U5768354,2023,2,28,20.86,56.26,674.89
U5768354,2023,3,1,19.19,58.78,644.81
U5768354,2023,3,2,19.59,59.85,
U5768354,2023,3,3,19.03,59.41,599.15
U5768354,2023,3,4,19.17,63.22,652.56
U5768354,2023,3,5,19.02,61.1,
U5768354,2023,3,6,19.82,61.85,
U5768354,2023,3,7,18.94,58.43,738.72
U5768354,2023,3,8,18.99,57.83,
U5768354,2023,3,9,18.81,60.85,667.89
U5768354,2023,3,10,19.63,62.89,652.63
U5768354,2023,3,11,19.15,54.78,695.3
U5768354,2023,3,12,21.41,58.58,605.99
U5768354,2023,3,13,19.61,57.49,
U5768354,2023,3,14,19.58,58.36,580.16
U5768354,2023,3,15,20.16,65.26,669.56
U5768354,2023,3,16,18.69,65.34,622.63
U5768354,2023,3,17,19.15,65.32,664.61
U5768354,2023,3,18,19.85,55.97,664.62
U5768354,2023,3,19,19.49,61.43,614.47
U5768354,2023,3,20,19.93,59.41,546.01
U5768354,2023,3,21,20.28,60.04,724.57
U5768354,2023,3,22,19.3,54.6,616.46
U5768354,2023,3,23,20.54,68.2,663.05
U5768354,2023,3,24,19.94,54.35,759.72
U5768354,2023,3,25,19.92,58.97,625.86
U5768354,2023,3,26,19.03,60.31,557.57
U5768354,2023,3,27,18.94,54.76,
U5768354,2023,3,28,19.22,59.01,638.67
U5768354,2023,3,29,18.98,57.23,
U5768354,2023,3,30,20.76,60.69,743.31
U5768354,2023,3,31,19.83,56.87,
apt 4b aldwick way,2023,1,1,20.98,56.92,
apt 4b aldwick way,2023,1,2,20.82,55.34,
apt 4b aldwick way,2023,1,3,21.46,58.26,611.36
apt 4b aldwick way,2023,1,4,21.87,57.95,667.97
apt 4b aldwick way,2023,1,5,21.63,59.24,
apt 4b aldwick way,2023,1,6,20.76,53.86,625.29
apt 4b aldwick way,2023,1,7,22.46,63.07,
apt 4b aldwick way,2023,1,8,21.25,61.48,759.96
apt 4b aldwick way,2023,1,9,,59.39,547.92
apt 4b aldwick way,2023,1,10,20.78,51.56,730.39
apt 4b aldwick way,2023,1,11,20.4,57.4,589.2
apt 4b aldwick way,2023,1,12,20.92,53.18,669.52
apt 4b aldwick way,2023,1,13,20.25,63.01,671.9
apt 4b aldwick way,2023,1,14,19.79,59.4,
apt 4b aldwick way,2023,1,15,20.52,62.46,
apt 4b aldwick way,2023,1,16,21.39,53.69,
apt 4b aldwick way,2023,1,17,21.43,57.25,
apt 4b aldwick way,2023,1,18,21.18,52.23,578.82
apt 4b aldwick way,2023,1,19,21.04,52.89,717.42
apt 4b aldwick way,2023,1,20,20.02,59.16,549.38
apt 4b aldwick way,2023,1,21,22.01,60.49,735.3
apt 4b aldwick way,2023,1,22,21.27,52.3,665.35
apt 4b aldwick way,2023,1,23,21.62,59.64,
apt 4b aldwick way,2023,1,24,21.35,54.23,617.44
apt 4b aldwick way,2023,1,25,,61.17,721.77
apt 4b aldwick way,2023,1,26,20.87,57.47,665.15
apt 4b aldwick way,2023,1,27,21.83,53.69,
apt 4b aldwick way,2023,1,28,21.16,53.7,
apt 4b aldwick way,2023,1,29,19.2,61.16,
apt 4b aldwick way,2023,1,30,20.28,61.61,
apt 4b aldwick way,2023,1,31,20.86,58.6,544.89
apt 4b aldwick way,2023,2,1,21.15,59.64,
apt 4b aldwick way,2023,2,2,20.16,57.47,715.47
apt 4b aldwick way,2023,2,3,22.92,54.62,648.54
apt 4b aldwick way,2023,2,4,20.89,58.13,757.4
apt 4b aldwick way,2023,2,5,20.05,60.36,585.68
apt 4b aldwick way,2023,2,6,22.33,55.73,
apt 4b aldwick way,2023,2,7,21.81,57.86,
apt 4b aldwick way,2023,2,8,20.85,59.04,638.96
apt 4b aldwick way,2023,2,9,21.15,64.11,654.67
apt 4b aldwick way,2023,2,10,22.15,59.33,
apt 4b aldwick way,2023,2,11,21.48,54.18,
apt 4b aldwick way,2023,2,12,22.39,57.98,777.16
apt 4b aldwick way,2023,2,13,21.33,51.58,671.13
apt 4b aldwick way,2023,2,14,21.26,61.87,569.64
apt 4b aldwick way,2023,2,15,22.16,64.34,
apt 4b aldwick way,2023,2,16,22.43,,610.84
apt 4b aldwick way,2023,2,17,21.56,59.42,653.04
apt 4b aldwick way,2023,2,18,20.44,58.73,679.66
apt 4b aldwick way,2023,2,19,21.24,60.25,
apt 4b aldwick way,2023,2,20,21.54,59.29,588.77
apt 4b aldwick way,2023,2,21,21.79,,544.09
apt 4b aldwick way,2023,2,22,21.1,,626.93
apt 4b aldwick way,2023,2,23,21.93,52.45,682.08
apt 4b aldwick way,2023,2,24,22.02,53.12,692.8
apt 4b aldwick way,2023,2,25,21.91,57.67,554.11
apt 4b aldwick way,2023,2,26,21.75,52.7,685.76
apt 4b aldwick way,2023,2,27,20.98,50.12,712.52
apt 4b aldwick way,2023,2,28,21.66,61.9,597.4
apt 4b aldwick way,2023,3,1,,52.68,
apt 4b aldwick way,2023,3,2,18.79,56.82,
apt 4b aldwick way,2023,3,3,18.56,54.17,646.69
apt 4b aldwick way,2023,3,4,,63.53,530.18
apt 4b aldwick way,2023,3,5,18.55,59.51,644.71
apt 4b aldwick way,2023,3,6,19.76,60.35,724.64
apt 4b aldwick way,2023,3,7,19.6,57.29,685.31
apt 4b aldwick way,2023,3,8,20.04,59.57,652.56
apt 4b aldwick way,2023,3,9,19.31,55.93,621.17
apt 4b aldwick way,2023,3,10,19.75,61.38,672.27
apt 4b aldwick way,2023,3,11,19.01,60.8,
apt 4b aldwick way,2023,3,12,18.92,61.77,639.99
apt 4b aldwick way,2023,3,13,19.15,54.98,671.67
apt 4b aldwick way,2023,3,14,20.56,56.95,
apt 4b aldwick way,2023,3,15,19.09,56.34,
apt 4b aldwick way,2023,3,16,18.42,,
apt 4b aldwick way,2023,3,17,18.63,64.08,665.94
apt 4b aldwick way,2023,3,18,18.76,56.66,537.3
apt 4b aldwick way,2023,3,19,19.55,63.13,683.0
apt 4b aldwick way,2023,3,20,19.67,59.14,681.2
apt 4b aldwick way,2023,3,21,19.3,60.76,
apt 4b aldwick way,2023,3,22,19.08,54.78,731.29
apt 4b aldwick way,2023,3,23,18.3,59.41,604.11
apt 4b aldwick way,2023,3,24,19.62,54.74,692.09
apt 4b aldwick way,2023,3,25,18.45,62.15,
apt 4b aldwick way,2023,3,26,19.0,63.07,640.54
apt 4b aldwick way,2023,3,27,19.37,56.23,547.73
apt 4b aldwick way,2023,3,28,18.35,59.07,650.21
apt 4b aldwick way,2023,3,29,19.51,,553.64
apt 4b aldwick way,2023,3,30,20.66,62.83,688.08
apt 4b aldwick way,2023,3,31,18.78,59.72,689.16
unit 3 thornhaven,2023,1,1,20.11,58.19,
unit 3 thornhaven,2023,1,2,20.99,57.42,576.18
unit 3 thornhaven,2023,1,3,20.0,,638.52
unit 3 thornhaven,2023,1,4,20.87,57.21,565.41
unit 3 thornhaven,2023,1,5,19.75,59.15,671.47
unit 3 thornhaven,2023,1,6,21.44,52.57,666.24
unit 3 thornhaven,2023,1,7,21.15,59.6,667.52
unit 3 thornhaven,2023,1,8,20.47,55.35,693.85
unit 3 thornhaven,2023,1,9,20.92,50.56,683.45
unit 3 thornhaven,2023,1,10,19.84,55.47,613.14
unit 3 thornhaven,2023,1,11,20.45,62.7,
unit 3 thornhaven,2023,1,12,,48.09,
unit 3 thornhaven,2023,1,13,21.12,56.11,684.8
unit 3 thornhaven,2023,1,14,21.08,62.06,
unit 3 thornhaven,2023,1,15,20.95,50.35,635.53
unit 3 thornhaven,2023,1,16,21.11,57.25,540.61
unit 3 thornhaven,2023,1,17,22.16,56.01,714.73
unit 3 thornhaven,2023,1,18,21.82,57.38,552.34
unit 3 thornhaven,2023,1,19,20.11,55.86,
unit 3 thornhaven,2023,1,20,20.1,60.14,582.79
unit 3 thornhaven,2023,1,21,,54.6,695.34
unit 3 thornhaven,2023,1,22,20.74,53.74,592.46
unit 3 thornhaven,2023,1,23,20.72,55.28,
unit 3 thornhaven,2023,1,24,20.74,58.24,750.44
unit 3 thornhaven,2023,1,25,21.93,58.73,569.24
unit 3 thornhaven,2023,1,26,20.82,58.55,
unit 3 thornhaven,2023,1,27,21.53,56.52,623.22
unit 3 thornhaven,2023,1,28,20.63,49.47,
unit 3 thornhaven,2023,1,29,21.76,53.84,706.74
unit 3 thornhaven,2023,1,30,21.2,56.09,665.1
unit 3 thornhaven,2023,1,31,21.09,61.33,718.6
unit 3 thornhaven,2023,2,1,21.8,57.33,593.36
unit 3 thornhaven,2023,2,2,21.8,53.21,651.42
unit 3 thornhaven,2023,2,3,21.16,56.94,670.44
unit 3 thornhaven,2023,2,4,21.25,58.76,
unit 3 thornhaven,2023,2,5,21.23,57.89,
unit 3 thornhaven,2023,2,6,19.24,53.24,640.56
unit 3 thornhaven,2023,2,7,20.91,59.4,
unit 3 thornhaven,2023,2,8,21.08,51.72,609.93
unit 3 thornhaven,2023,2,9,,58.35,
unit 3 thornhaven,2023,2,10,21.41,56.28,711.25
unit 3 thornhaven,2023,2,11,20.66,60.36,700.88
unit 3 thornhaven,2023,2,12,20.37,56.58,609.1
unit 3 thornhaven,2023,2,13,21.34,56.7,824.01
unit 3 thornhaven,2023,2,14,21.53,59.11,593.65
unit 3 thornhaven,2023,2,15,20.75,58.6,
unit 3 thornhaven,2023,2,16,21.02,52.65,579.45
unit 3 thornhaven,2023,2,17,21.08,52.88,
unit 3 thornhaven,2023,2,18,20.73,,
unit 3 thornhaven,2023,2,19,21.54,53.48,
unit 3 thornhaven,2023,2,20,20.27,56.77,519.52
unit 3 thornhaven,2023,2,21,20.92,55.19,707.34
unit 3 thornhaven,2023,2,22,22.34,57.14,
unit 3 thornhaven,2023,2,23,20.79,53.2,643.95
unit 3 thornhaven,2023,2,24,20.27,58.7,696.26
unit 3 thornhaven,2023,2,25,22.14,57.27,739.81
unit 3 thornhaven,2023,2,26,21.42,58.08,711.84
unit 3 thornhaven,2023,2,27,20.63,57.92,677.98
unit 3 thornhaven,2023,2,28,20.99,55.38,735.45
unit 3 thornhaven,2023,3,1,19.2,56.05,549.84
unit 3 thornhaven,2023,3,2,18.71,57.77,633.9
unit 3 thornhaven,2023,3,3,19.0,56.39,567.81
unit 3 thornhaven,2023,3,4,19.2,57.87,556.82
unit 3 thornhaven,2023,3,5,19.21,55.18,673.26
unit 3 thornhaven,2023,3,6,19.32,57.18,
unit 3 thornhaven,2023,3,7,18.46,64.61,592.95
unit 3 thornhaven,2023,3,8,19.67,64.47,679.76
unit 3 thornhaven,2023,3,9,18.78,58.5,497.84
unit 3 thornhaven,2023,3,10,17.77,60.63,
unit 3 thornhaven,2023,3,11,,56.28,
unit 3 thornhaven,2023,3,12,18.93,54.76,632.77
unit 3 thornhaven,2023,3,13,18.97,61.27,644.81
unit 3 thornhaven,2023,3,14,18.19,61.06,
unit 3 thornhaven,2023,3,15,18.25,61.08,542.65
unit 3 thornhaven,2023,3,16,19.76,60.69,592.76
unit 3 thornhaven,2023,3,17,18.91,60.34,708.35
unit 3 thornhaven,2023,3,18,18.89,,
unit 3 thornhaven,2023,3,19,19.58,61.33,614.62
unit 3 thornhaven,2023,3,20,18.65,60.02,664.95
unit 3 thornhaven,2023,3,21,19.38,,
unit 3 thornhaven,2023,3,22,18.6,65.05,
unit 3 thornhaven,2023,3,23,18.1,53.84,585.85
unit 3 thornhaven,2023,3,24,20.12,63.69,
unit 3 thornhaven,2023,3,25,18.88,60.92,
unit 3 thornhaven,2023,3,26,19.2,58.44,662.17
unit 3 thornhaven,2023,3,27,19.25,57.79,622.76
unit 3 thornhaven,2023,3,28,18.9,57.47,588.1
unit 3 thornhaven,2023,3,29,19.39,59.6,488.98
unit 3 thornhaven,2023,3,30,18.37,61.88,750.0
unit 3 thornhaven,2023,3,31,18.61,54.3,532.3
U763012057,2023,1,1,20.65,54.71,633.16
U763012057,2023,1,2,21.77,56.76,
U763012057,2023,1,3,,,661.81
U763012057,2023,1,4,20.9,62.8,621.28
U763012057,2023,1,5,20.68,54.1,619.98
U763012057,2023,1,6,18.32,57.4,
U763012057,2023,1,7,21.18,57.62,632.74
U763012057,2023,1,8,20.56,61.3,810.44
U763012057,2023,1,9,20.93,61.69,751.92
U763012057,2023,1,10,19.99,60.48,767.73
U763012057,2023,1,11,21.32,55.46,
U763012057,2023,1,12,19.52,58.89,570.04
U763012057,2023,1,13,21.6,53.97,
U763012057,2023,1,14,21.04,59.2,
U763012057,2023,1,15,20.98,63.95,718.61
U763012057,2023,1,16,21.06,57.4,639.81
U763012057,2023,1,17,20.68,55.24,671.35
U763012057,2023,1,18,20.7,60.97,674.09
U763012057,2023,1,19,21.97,57.15,713.14
U763012057,2023,1,20,20.93,63.51,
U763012057,2023,1,21,22.3,53.1,557.54
U763012057,2023,1,22,21.56,56.34,649.26
U763012057,2023,1,23,20.81,52.65,
U763012057,2023,1,24,21.72,50.78,
U763012057,2023,1,25,19.5,59.69,558.55
U763012057,2023,1,26,20.99,56.05,
U763012057,2023,1,27,,58.45,663.23
U763012057,2023,1,28,19.66,56.33,622.46
U763012057,2023,1,29,,61.06,
U763012057,2023,1,30,21.04,62.3,629.16
U763012057,2023,1,31,22.54,53.77,500.15
U763012057,2023,2,1,19.38,57.75,703.53
U763012057,2023,2,2,20.48,51.81,626.57
U763012057,2023,2,3,20.96,,650.65
U763012057,2023,2,4,21.44,62.8,
U763012057,2023,2,5,20.15,56.85,584.44
U763012057,2023,2,6,22.47,56.51,646.82
U763012057,2023,2,7,20.05,55.67,619.07
U763012057,2023,2,8,20.76,56.86,640.88
U763012057,2023,2,9,20.86,54.38,521.14
U763012057,2023,2,10,20.02,60.26,
U763012057,2023,2,11,20.39,62.03,606.17
U763012057,2023,2,12,20.63,56.69,671.02
U763012057,2023,2,13,21.74,59.5,
U763012057,2023,2,14,22.08,60.66,
U763012057,2023,2,15,22.62,58.83,
U763012057,2023,2,16,21.3,62.46,602.87
U763012057,2023,2,17,21.5,54.17,646.44
U763012057,2023,2,18,22.41,57.64,567.83
U763012057,2023,2,19,20.01,,608.12
U763012057,2023,2,20,21.07,58.25,637.01
U763012057,2023,2,21,,53.54,653.17
U763012057,2023,2,22,21.13,56.51,
U763012057,2023,2,23,,51.66,
U763012057,2023,2,24,20.15,57.36,776.02
U763012057,2023,2,25,,57.92,625.02
U763012057,2023,2,26,21.05,59.77,
U763012057,2023,2,27,21.26,56.33,701.34
U763012057,2023,2,28,21.47,56.39,758.12
U763012057,2023,3,1,20.04,57.23,
U763012057,2023,3,2,20.4,59.99,607.97
U763012057,2023,3,3,18.95,,
U763012057,2023,3,4,20.0,63.31,585.16
U763012057,2023,3,5,19.32,60.91,597.12
U763012057,2023,3,6,18.45,,691.32
U763012057,2023,3,7,19.84,62.19,
U763012057,2023,3,8,20.29,54.5,
U763012057,2023,3,9,19.02,58.9,632.95
U763012057,2023,3,10,19.09,57.95,
U763012057,2023,3,11,18.17,55.31,
U763012057,2023,3,12,,55.83,703.31
U763012057,2023,3,13,19.39,59.81,577.0
U763012057,2023,3,14,19.08,56.74,
U763012057,2023,3,15,18.68,60.08,667.62
U763012057,2023,3,16,19.73,56.25,
U763012057,2023,3,17,18.6,59.59,
U763012057,2023,3,18,19.41,62.61,
U763012057,2023,3,19,18.48,54.23,
U763012057,2023,3,20,18.75,62.49,671.47
U763012057,2023,3,21,18.35,58.65,737.77
U763012057,2023,3,22,18.96,61.12,666.76
U763012057,2023,3,23,19.56,54.86,
U763012057,2023,3,24,18.94,59.7,490.75
U763012057,2023,3,25,18.7,58.33,
U763012057,2023,3,26,19.12,56.23,
U763012057,2023,3,27,18.61,58.09,
U763012057,2023,3,28,19.21,,
U763012057,2023,3,29,19.05,59.02,657.47
U763012057,2023,3,30,,66.0,629.98
U763012057,2023,3,31,19.55,57.53,752.82
58 greyloch terr,2023,1,1,19.14,60.18,
58 greyloch terr,2023,1,2,18.69,,667.2
58 greyloch terr,2023,1,3,18.47,58.39,613.64
58 greyloch terr,2023,1,4,17.5,60.64,625.42
58 greyloch terr,2023,1,5,,59.35,629.26
58 greyloch terr,2023,1,6,17.92,55.61,
58 greyloch terr,2023,1,7,17.88,,715.18
58 greyloch terr,2023,1,8,18.13,62.5,736.93
58 greyloch terr,2023,1,9,18.94,54.36,
58 greyloch terr,2023,1,10,19.16,62.61,696.62
58 greyloch terr,2023,1,11,17.72,63.09,735.56
58 greyloch terr,2023,1,12,19.44,59.99,612.57
58 greyloch terr,2023,1,13,,59.44,714.48
58 greyloch terr,2023,1,14,18.35,61.34,757.55
58 greyloch terr,2023,1,15,18.04,,625.46
58 greyloch terr,2023,1,16,18.63,64.0,
58 greyloch terr,2023,1,17,17.16,60.68,653.29
58 greyloch terr,2023,1,18,17.44,59.72,
58 greyloch terr,2023,1,19,18.25,56.63,
58 greyloch terr,2023,1,20,18.86,56.24,662.19
58 greyloch terr,2023,1,21,18.78,58.4,743.28
58 greyloch terr,2023,1,22,19.12,59.94,715.15
58 greyloch terr,2023,1,23,18.31,60.36,545.88
58 greyloch terr,2023,1,24,17.42,62.5,700.41
58 greyloch terr,2023,1,25,19.35,61.53,677.74
58 greyloch terr,2023,1,26,18.78,61.66,
58 greyloch terr,2023,1,27,19.48,58.06,731.22
58 greyloch terr,2023,1,28,18.91,63.69,616.91
58 greyloch terr,2023,1,29,18.87,58.73,646.99
58 greyloch terr,2023,1,30,19.63,62.12,639.16
58 greyloch terr,2023,1,31,19.09,61.45,576.23
58 greyloch terr,2023,2,1,19.11,,718.08
58 greyloch terr,2023,2,2,17.83,61.21,610.46
58 greyloch terr,2023,2,3,18.57,59.85,694.09
58 greyloch terr,2023,2,4,18.1,,570.03
58 greyloch terr,2023,2,5,19.54,65.52,677.02
58 greyloch terr,2023,2,6,18.3,61.48,570.0
58 greyloch terr,2023,2,7,18.17,60.5,750.83
58 greyloch terr,2023,2,8,19.28,58.09,694.58
58 greyloch terr,2023,2,9,18.93,63.91,713.17
58 greyloch terr,2023,2,10,18.05,62.81,803.11
58 greyloch terr,2023,2,11,18.5,60.96,619.39
58 greyloch terr,2023,2,12,19.47,59.01,642.52
58 greyloch terr,2023,2,13,19.83,63.01,704.57
58 greyloch terr,2023,2,14,18.55,60.67,682.17
58 greyloch terr,2023,2,15,19.58,56.76,707.9
58 greyloch terr,2023,2,16,18.95,61.57,661.81
58 greyloch terr,2023,2,17,19.5,61.07,587.12
58 greyloch terr,2023,2,18,18.06,61.56,
58 greyloch terr,2023,2,19,18.72,63.77,671.1
58 greyloch terr,2023,2,20,18.9,60.65,
58 greyloch terr,2023,2,21,19.38,57.37,688.92
58 greyloch terr,2023,2,22,17.32,63.5,
58 greyloch terr,2023,2,23,18.14,65.88,642.98
58 greyloch terr,2023,2,24,18.62,56.96,
58 greyloch terr,2023,2,25,19.05,62.42,729.4
58 greyloch terr,2023,2,26,18.08,,551.7
58 greyloch terr,2023,2,27,17.92,64.3,728.68
58 greyloch terr,2023,2,28,19.21,,
58 greyloch terr,2023,3,1,19.74,56.49,721.83
58 greyloch terr,2023,3,2,18.48,56.99,686.16
58 greyloch terr,2023,3,3,19.52,57.43,
58 greyloch terr,2023,3,4,18.48,58.42,606.89
58 greyloch terr,2023,3,5,19.26,62.65,673.96
58 greyloch terr,2023,3,6,18.55,59.4,652.58
58 greyloch terr,2023,3,7,19.61,56.28,611.18
58 greyloch terr,2023,3,8,19.56,,436.97
58 greyloch terr,2023,3,9,18.31,49.46,
58 greyloch terr,2023,3,10,18.87,59.32,
58 greyloch terr,2023,3,11,19.41,56.44,669.02
58 greyloch terr,2023,3,12,18.94,60.96,
58 greyloch terr,2023,3,13,19.49,59.99,657.36
58 greyloch terr,2023,3,14,19.92,60.44,690.33
58 greyloch terr,2023,3,15,19.06,58.57,671.46
58 greyloch terr,2023,3,16,,,
58 greyloch terr,2023,3,17,18.39,60.24,647.36
58 greyloch terr,2023,3,18,19.56,60.18,659.44
58 greyloch terr,2023,3,19,19.2,58.62,740.48
58 greyloch terr,2023,3,20,18.67,55.09,654.34
58 greyloch terr,2023,3,21,19.38,58.81,558.18
58 greyloch terr,2023,3,22,20.48,58.24,691.42
58 greyloch terr,2023,3,23,19.35,56.34,628.87
58 greyloch terr,2023,3,24,19.54,57.17,652.4
58 greyloch terr,2023,3,25,20.13,59.12,
58 greyloch terr,2023,3,26,18.9,54.09,736.82
58 greyloch terr,2023,3,27,19.39,60.25,629.91
58 greyloch terr,2023,3,28,18.76,57.22,612.06
58 greyloch terr,2023,3,29,20.51,60.25,606.94
58 greyloch terr,2023,3,30,18.52,63.96,607.95
58 greyloch terr,2023,3,31,19.14,55.98,597.32
U0952650,2023,1,1,18.14,64.41,
U0952650,2023,1,2,17.68,58.59,560.1
U0952650,2023,1,3,18.78,62.42,633.81
U0952650,2023,1,4,17.55,,
U0952650,2023,1,5,17.98,59.59,
U0952650,2023,1,6,17.97,69.58,
U0952650,2023,1,7,18.19,62.08,683.87
U0952650,2023,1,8,17.33,56.58,697.5
U0952650,2023,1,9,17.75,63.57,656.94
U0952650,2023,1,10,18.84,63.38,
U0952650,2023,1,11,17.79,64.42,550.73
U0952650,2023,1,12,18.26,59.38,
U0952650,2023,1,13,18.59,61.29,627.3
U0952650,2023,1,14,17.57,63.57,699.19
U0952650,2023,1,15,18.09,62.24,604.09
U0952650,2023,1,16,18.05,61.72,
U0952650,2023,1,17,18.06,61.65,665.1
U0952650,2023,1,18,18.7,64.69,575.76
U0952650,2023,1,19,17.16,60.09,
U0952650,2023,1,20,17.96,59.48,581.21
U0952650,2023,1,21,18.48,61.8,675.27
U0952650,2023,1,22,17.98,65.2,628.38
U0952650,2023,1,23,17.75,62.54,
U0952650,2023,1,24,16.91,60.09,546.51
U0952650,2023,1,25,18.09,59.39,637.19
U0952650,2023,1,26,18.89,,619.58
U0952650,2023,1,27,19.56,57.06,626.0
U0952650,2023,1,28,18.61,61.82,703.91
U0952650,2023,1,29,16.79,63.83,692.15
U0952650,2023,1,30,18.33,64.87,
U0952650,2023,1,31,17.95,63.62,
U0952650,2023,2,1,18.95,59.01,758.95
U0952650,2023,2,2,17.75,63.85,629.64
U0952650,2023,2,3,19.86,58.92,
U0952650,2023,2,4,17.41,62.62,
U0952650,2023,2,5,18.01,,640.6
U0952650,2023,2,6,19.23,,600.61
U0952650,2023,2,7,17.98,54.82,528.53
U0952650,2023,2,8,19.22,65.4,
U0952650,2023,2,9,18.48,58.14,
U0952650,2023,2,10,19.1,62.27,
U0952650,2023,2,11,18.19,62.06,739.99
U0952650,2023,2,12,18.83,59.36,590.3
U0952650,2023,2,13,18.01,57.05,602.08
U0952650,2023,2,14,17.46,59.23,644.94
U0952650,2023,2,15,18.3,66.25,650.85
U0952650,2023,2,16,18.25,57.7,
U0952650,2023,2,17,18.3,56.45,685.91
U0952650,2023,2,18,18.19,61.64,686.16
U0952650,2023,2,19,17.44,59.44,640.07
U0952650,2023,2,20,18.71,61.6,
U0952650,2023,2,21,18.37,64.36,573.34
U0952650,2023,2,22,19.67,59.19,670.73
U0952650,2023,2,23,18.78,60.71,
U0952650,2023,2,24,,63.25,564.09
U0952650,2023,2,25,18.42,60.64,722.49
U0952650,2023,2,26,18.44,63.2,
U0952650,2023,2,27,19.15,61.67,
U0952650,2023,2,28,17.88,61.95,
U0952650,2023,3,1,18.43,66.23,554.64
U0952650,2023,3,2,17.67,62.54,596.69
U0952650,2023,3,3,19.71,56.24,575.37
U0952650,2023,3,4,19.57,67.56,621.39
U0952650,2023,3,5,18.56,63.25,
U0952650,2023,3,6,18.44,63.82,718.86
U0952650,2023,3,7,18.77,62.49,664.66
U0952650,2023,3,8,19.47,55.99,620.64
U0952650,2023,3,9,18.77,60.34,710.7
U0952650,2023,3,10,18.69,62.15,629.1
U0952650,2023,3,11,18.96,57.78,795.06
U0952650,2023,3,12,18.14,59.91,754.53
U0952650,2023,3,13,18.85,57.12,
U0952650,2023,3,14,18.84,58.48,
U0952650,2023,3,15,19.07,61.53,
U0952650,2023,3,16,19.33,61.88,608.67
U0952650,2023,3,17,19.73,55.1,634.6
U0952650,2023,3,18,19.36,56.42,533.98
U0952650,2023,3,19,17.9,63.94,
U0952650,2023,3,20,18.2,62.7,589.1
U0952650,2023,3,21,19.55,59.11,
U0952650,2023,3,22,19.11,,753.8
U0952650,2023,3,23,18.83,59.18,
U0952650,2023,3,24,18.36,61.47,
U0952650,2023,3,25,18.91,60.6,698.12
U0952650,2023,3,26,17.76,62.19,581.31
U0952650,2023,3,27,17.67,62.39,548.12
U0952650,2023,3,28,19.04,65.24,
U0952650,2023,3,29,18.95,59.14,661.97
U0952650,2023,3,30,18.85,59.09,616.61
U0952650,2023,3,31,18.74,57.97,572.87
U1258816,2023,1,1,17.21,64.52,670.13
U1258816,2023,1,2,17.63,63.7,
U1258816,2023,1,3,17.08,65.98,678.49
U1258816,2023,1,4,16.81,67.23,657.36
U1258816,2023,1,5,17.09,63.16,
U1258816,2023,1,6,16.47,64.82,636.37
U1258816,2023,1,7,,66.78,
U1258816,2023,1,8,16.9,61.94,
U1258816,2023,1,9,16.44,64.33,689.38
U1258816,2023,1,10,17.19,60.07,646.5
U1258816,2023,1,11,17.35,60.13,694.57
U1258816,2023,1,12,16.6,59.74,581.11
U1258816,2023,1,13,17.04,64.8,662.02
U1258816,2023,1,14,18.07,61.98,
U1258816,2023,1,15,17.48,57.96,682.03
U1258816,2023,1,16,,64.14,650.86
U1258816,2023,1,17,17.25,65.18,671.03
U1258816,2023,1,18,16.47,60.51,
U1258816,2023,1,19,16.91,61.75,657.17
U1258816,2023,1,20,17.68,58.9,611.06
U1258816,2023,1,21,17.15,59.06,623.51
U1258816,2023,1,22,17.19,,650.67
U1258816,2023,1,23,16.18,60.59,
U1258816,2023,1,24,17.51,63.09,
U1258816,2023,1,25,16.32,58.74,695.32
U1258816,2023,1,26,16.22,65.58,622.26
U1258816,2023,1,27,17.1,58.63,
U1258816,2023,1,28,17.33,61.81,
U1258816,2023,1,29,17.78,56.59,
U1258816,2023,1,30,17.71,62.93,
U1258816,2023,1,31,16.59,63.11,713.46
U1258816,2023,2,1,18.68,63.75,
U1258816,2023,2,2,16.96,57.74,
U1258816,2023,2,3,17.17,63.36,462.76
U1258816,2023,2,4,17.86,60.77,627.67
U1258816,2023,2,5,16.58,62.67,577.27
U1258816,2023,2,6,17.41,61.09,583.4
U1258816,2023,2,7,18.36,63.53,677.28
U1258816,2023,2,8,17.53,,
U1258816,2023,2,9,16.18,61.77,695.27
U1258816,2023,2,10,16.7,59.68,672.3
U1258816,2023,2,11,17.45,58.68,
U1258816,2023,2,12,17.68,66.9,744.21
U1258816,2023,2,13,15.9,67.51,693.44
U1258816,2023,2,14,18.42,57.07,672.93
U1258816,2023,2,15,15.97,67.57,
U1258816,2023,2,16,17.64,58.64,671.22
U1258816,2023,2,17,17.4,,
U1258816,2023,2,18,16.99,63.1,619.4
U1258816,2023,2,19,16.49,62.71,597.21
U1258816,2023,2,20,18.22,59.89,576.91
U1258816,2023,2,21,17.07,60.42,738.34
U1258816,2023,2,22,17.84,60.2,
U1258816,2023,2,23,18.1,59.29,760.08
U1258816,2023,2,24,17.38,66.99,
U1258816,2023,2,25,17.18,60.91,612.65
U1258816,2023,2,26,17.74,60.75,
U1258816,2023,2,27,16.67,59.58,
U1258816,2023,2,28,,60.37,689.51
U1258816,2023,3,1,16.5,62.07,663.62
U1258816,2023,3,2,17.52,62.24,540.9
U1258816,2023,3,3,18.67,53.82,
U1258816,2023,3,4,17.87,55.25,608.26
U1258816,2023,3,5,18.2,56.26,561.25
U1258816,2023,3,6,17.88,63.36,
U1258816,2023,3,7,17.55,65.74,
U1258816,2023,3,8,18.7,54.15,
U1258816,2023,3,9,17.25,62.05,
U1258816,2023,3,10,17.83,58.4,
U1258816,2023,3,11,17.16,64.01,670.28
U1258816,2023,3,12,17.57,61.19,693.2
U1258816,2023,3,13,18.19,62.69,581.63
U1258816,2023,3,14,18.31,59.79,590.5
U1258816,2023,3,15,17.7,65.66,633.78
U1258816,2023,3,16,17.73,64.44,658.18
U1258816,2023,3,17,19.13,63.88,604.94
U1258816,2023,3,18,19.07,58.31,653.81
U1258816,2023,3,19,17.79,57.35,649.76
U1258816,2023,3,20,18.4,61.22,540.22
U1258816,2023,3,21,17.42,64.72,707.3
U1258816,2023,3,22,17.74,62.12,
U1258816,2023,3,23,17.54,65.68,664.52
U1258816,2023,3,24,18.28,61.72,552.35
U1258816,2023,3,25,18.18,57.85,695.53
U1258816,2023,3,26,17.27,66.23,714.07
U1258816,2023,3,27,18.76,61.82,570.78
U1258816,2023,3,28,17.74,,
U1258816,2023,3,29,18.4,65.06,684.89
U1258816,2023,3,30,17.53,60.24,701.99
U1258816,2023,3,31,18.14,62.38,743.63
U96274511,2023,1,1,17.79,65.38,
U96274511,2023,1,2,19.06,60.5,747.14
U96274511,2023,1,3,18.8,63.53,
U96274511,2023,1,4,18.42,,670.21
U96274511,2023,1,5,18.11,57.99,714.79
U96274511,2023,1,6,19.12,56.79,
U96274511,2023,1,7,17.36,61.55,
U96274511,2023,1,8,17.72,53.23,638.01
U96274511,2023,1,9,17.53,,784.88
U96274511,2023,1,10,18.21,62.99,691.61
U96274511,2023,1,11,18.26,59.56,652.4
U96274511,2023,1,12,18.27,67.67,601.69
U96274511,2023,1,13,18.4,64.61,539.19
U96274511,2023,1,14,17.19,59.16,655.82
U96274511,2023,1,15,17.34,61.4,
U96274511,2023,1,16,19.27,63.61,605.46
U96274511,2023,1,17,18.87,66.78,661.35
U96274511,2023,1,18,18.57,55.71,
U96274511,2023,1,19,17.87,63.54,685.75
U96274511,2023,1,20,16.8,61.71,487.74
U96274511,2023,1,21,17.76,,676.01
U96274511,2023,1,22,18.41,65.92,650.13
U96274511,2023,1,23,17.61,61.57,683.56
U96274511,2023,1,24,18.39,53.72,
U96274511,2023,1,25,18.6,57.88,513.17
U96274511,2023,1,26,18.0,59.64,
U96274511,2023,1,27,19.0,54.98,
U96274511,2023,1,28,17.19,65.3,621.04
U96274511,2023,1,29,18.21,61.59,679.5
U96274511,2023,1,30,17.13,59.91,
U96274511,2023,1,31,17.27,62.67,651.78
U96274511,2023,2,1,18.74,60.23,
U96274511,2023,2,2,18.43,62.35,648.13
U96274511,2023,2,3,18.0,58.07,679.57
U96274511,2023,2,4,17.57,59.79,743.94
U96274511,2023,2,5,17.64,59.89,678.84
U96274511,2023,2,6,18.53,60.78,635.57
U96274511,2023,2,7,18.19,58.87,775.62
U96274511,2023,2,8,18.23,65.66,
U96274511,2023,2,9,18.91,65.99,696.37
U96274511,2023,2,10,17.5,64.76,697.66
U96274511,2023,2,11,17.07,60.71,673.06
U96274511,2023,2,12,18.3,,547.16
U96274511,2023,2,13,18.94,61.99,
U96274511,2023,2,14,17.34,,728.86
U96274511,2023,2,15,17.38,59.21,693.64
U96274511,2023,2,16,18.94,58.32,532.7
U96274511,2023,2,17,18.22,62.5,736.44
U96274511,2023,2,18,19.09,62.43,
U96274511,2023,2,19,18.84,64.08,615.68
U96274511,2023,2,20,18.05,55.95,738.28
U96274511,2023,2,21,18.03,56.5,647.69
U96274511,2023,2,22,17.77,60.91,618.86
U96274511,2023,2,23,18.33,,748.84
U96274511,2023,2,24,19.21,62.67,614.33
U96274511,2023,2,25,18.36,59.04,664.98
U96274511,2023,2,26,18.9,61.98,665.47
U96274511,2023,2,27,18.24,58.2,694.89
U96274511,2023,2,28,19.61,59.63,670.12
U96274511,2023,3,1,18.1,64.2,650.4
U96274511,2023,3,2,17.62,58.58,
U96274511,2023,3,3,19.16,59.28,604.35
U96274511,2023,3,4,18.62,57.56,606.11
U96274511,2023,3,5,18.48,59.13,663.5
U96274511,2023,3,6,19.13,62.63,
U96274511,2023,3,7,,60.51,639.03
U96274511,2023,3,8,19.45,63.08,585.71
U96274511,2023,3,9,19.4,58.92,591.79
U96274511,2023,3,10,18.12,65.44,564.88
U96274511,2023,3,11,19.36,58.45,608.97
U96274511,2023,3,12,18.58,65.69,
U96274511,2023,3,13,19.82,58.75,606.11
U96274511,2023,3,14,18.31,60.5,618.26
U96274511,2023,3,15,17.96,63.21,677.25
U96274511,2023,3,16,18.04,59.2,
U96274511,2023,3,17,18.12,59.18,572.5
U96274511,2023,3,18,19.29,57.42,
U96274511,2023,3,19,19.21,61.61,553.4
U96274511,2023,3,20,19.06,58.28,605.62
U96274511,2023,3,21,,54.85,660.09
U96274511,2023,3,22,18.86,60.97,
U96274511,2023,3,23,18.51,55.76,
U96274511,2023,3,24,18.5,59.33,646.51
U96274511,2023,3,25,,58.61,694.04
U96274511,2023,3,26,18.81,67.01,533.69
U96274511,2023,3,27,,62.44,746.74
U96274511,2023,3,28,18.56,57.62,706.42
U96274511,2023,3,29,18.52,62.62,675.78
U96274511,2023,3,30,18.1,55.11,629.89
U96274511,2023,3,31,19.17,61.79,706.8
U032503,2023,1,1,17.35,62.87,
U032503,2023,1,2,16.7,63.97,
U032503,2023,1,3,16.14,,
U032503,2023,1,4,16.14,61.43,
U032503,2023,1,5,16.7,61.61,
U032503,2023,1,6,16.41,63.45,661.32
U032503,2023,1,7,16.89,62.99,
U032503,2023,1,8,16.9,60.39,685.46
U032503,2023,1,9,16.81,61.07,679.19
U032503,2023,1,10,17.22,61.93,
U032503,2023,1,11,16.42,61.81,617.34
U032503,2023,1,12,17.14,,
U032503,2023,1,13,17.19,67.55,
U032503,2023,1,14,16.1,62.01,752.98
U032503,2023,1,15,15.27,58.42,683.45
U032503,2023,1,16,17.07,66.65,
U032503,2023,1,17,17.02,62.9,
U032503,2023,1,18,16.73,64.72,
U032503,2023,1,19,17.3,64.08,587.39
U032503,2023,1,20,16.29,69.1,
U032503,2023,1,21,16.06,61.26,
U032503,2023,1,22,16.76,64.57,691.68
U032503,2023,1,23,16.48,62.66,
U032503,2023,1,24,16.11,62.65,
U032503,2023,1,25,16.3,70.56,
U032503,2023,1,26,16.69,62.18,
U032503,2023,1,27,17.25,65.93,672.03
U032503,2023,1,28,,56.76,
U032503,2023,1,29,17.08,61.17,704.4
U032503,2023,1,30,16.89,66.85,
U032503,2023,1,31,17.25,63.62,
U032503,2023,2,1,16.63,67.89,
U032503,2023,2,2,16.79,56.25,
U032503,2023,2,3,17.63,63.01,629.47
U032503,2023,2,4,18.91,64.99,
U032503,2023,2,5,16.58,57.65,654.5
U032503,2023,2,6,16.8,64.58,621.15
U032503,2023,2,7,15.76,64.13,
U032503,2023,2,8,16.56,63.17,
U032503,2023,2,9,18.33,62.0,
U032503,2023,2,10,17.58,62.35,
U032503,2023,2,11,16.92,62.33,705.24
U032503,2023,2,12,16.43,58.67,645.29
U032503,2023,2,13,17.29,60.33,677.74
U032503,2023,2,14,17.95,58.1,
U032503,2023,2,15,16.77,62.49,
U032503,2023,2,16,17.28,60.22,
U032503,2023,2,17,17.08,65.4,
U032503,2023,2,18,16.91,64.34,662.83
U032503,2023,2,19,17.28,64.86,627.41
U032503,2023,2,20,16.78,66.11,
U032503,2023,2,21,17.92,60.31,617.57
U032503,2023,2,22,18.01,62.4,643.81
U032503,2023,2,23,17.42,,
U032503,2023,2,24,16.63,61.37,594.14
U032503,2023,2,25,16.2,55.24,
U032503,2023,2,26,18.19,59.89,681.16
U032503,2023,2,27,16.68,56.53,
U032503,2023,2,28,16.49,63.81,
U032503,2023,3,1,18.02,59.13,620.63
U032503,2023,3,2,18.73,63.74,
U032503,2023,3,3,17.81,60.14,
U032503,2023,3,4,18.39,61.35,572.71
U032503,2023,3,5,16.35,64.83,
U032503,2023,3,6,18.29,66.41,660.0
U032503,2023,3,7,,66.05,
U032503,2023,3,8,17.1,70.24,
U032503,2023,3,9,16.73,60.29,723.7
U032503,2023,3,10,17.07,60.03,587.48
U032503,2023,3,11,18.15,64.91,
U032503,2023,3,12,17.03,64.72,
U032503,2023,3,13,17.46,61.21,556.62
U032503,2023,3,14,16.21,55.81,
U032503,2023,3,15,17.72,56.9,
U032503,2023,3,16,17.88,62.42,
U032503,2023,3,17,17.34,65.6,
U032503,2023,3,18,17.62,62.46,
U032503,2023,3,19,16.08,61.74,743.1
U032503,2023,3,20,17.66,59.25,
U032503,2023,3,21,17.97,59.67,
U032503,2023,3,22,18.0,,
U032503,2023,3,23,17.07,63.8,
U032503,2023,3,24,17.19,63.54,
U032503,2023,3,25,18.97,62.69,
U032503,2023,3,26,16.28,58.29,699.28
U032503,2023,3,27,18.14,,
U032503,2023,3,28,,58.12,
U032503,2023,3,29,18.13,59.03,494.83
U032503,2023,3,30,17.97,65.41,
U032503,2023,3,31,18.88,,
greyloch terrace 171,2023,1,1,17.86,60.35,671.8
greyloch terrace 171,2023,1,2,17.83,64.44,
greyloch terrace 171,2023,1,3,17.25,62.71,
greyloch terrace 171,2023,1,4,19.33,61.39,673.25
greyloch terrace 171,2023,1,5,17.1,56.0,671.17
greyloch terrace 171,2023,1,6,17.27,56.45,
greyloch terrace 171,2023,1,7,18.34,57.21,
greyloch terrace 171,2023,1,8,18.38,58.93,696.62
greyloch terrace 171,2023,1,9,17.99,56.34,634.49
greyloch terrace 171,2023,1,10,18.24,60.99,
greyloch terrace 171,2023,1,11,16.91,58.28,619.22
greyloch terrace 171,2023,1,12,18.69,59.63,681.35
greyloch terrace 171,2023,1,13,18.15,56.34,
greyloch terrace 171,2023,1,14,17.14,64.06,693.55
greyloch terrace 171,2023,1,15,18.04,64.32,652.44
greyloch terrace 171,2023,1,16,18.01,60.51,687.64
greyloch terrace 171,2023,1,17,,63.4,640.09
greyloch terrace 171,2023,1,18,18.45,58.55,683.34
greyloch terrace 171,2023,1,19,18.62,59.87,594.58
greyloch terrace 171,2023,1,20,17.99,61.62,610.75
greyloch terrace 171,2023,1,21,16.78,63.05,650.14
greyloch terrace 171,2023,1,22,17.82,58.21,625.51
greyloch terrace 171,2023,1,23,18.5,58.81,586.72
greyloch terrace 171,2023,1,24,19.24,59.09,609.8
greyloch terrace 171,2023,1,25,17.97,60.35,543.22
greyloch terrace 171,2023,1,26,17.32,57.82,688.49
greyloch terrace 171,2023,1,27,19.57,58.36,
greyloch terrace 171,2023,1,28,17.24,60.64,
greyloch terrace 171,2023,1,29,19.72,55.23,754.16
greyloch terrace 171,2023,1,30,17.0,,588.14
greyloch terrace 171,2023,1,31,19.29,62.42,
greyloch terrace 171,2023,2,1,19.66,63.27,725.51
greyloch terrace 171,2023,2,2,18.22,62.67,
greyloch terrace 171,2023,2,3,18.84,60.5,641.36
greyloch terrace 171,2023,2,4,17.13,63.83,575.29
greyloch terrace 171,2023,2,5,18.35,56.19,646.3
greyloch terrace 171,2023,2,6,,60.38,
greyloch terrace 171,2023,2,7,17.66,62.97,616.08
greyloch terrace 171,2023,2,8,19.42,62.09,735.18
greyloch terrace 171,2023,2,9,18.65,,
greyloch terrace 171,2023,2,10,18.44,58.6,
greyloch terrace 171,2023,2,11,17.64,60.77,714.59
greyloch terrace 171,2023,2,12,18.53,57.31,688.52
greyloch terrace 171,2023,2,13,17.36,61.93,678.38
greyloch terrace 171,2023,2,14,18.66,64.45,633.45
greyloch terrace 171,2023,2,15,17.81,,587.86
greyloch terrace 171,2023,2,16,17.87,64.23,687.26
greyloch terrace 171,2023,2,17,18.38,64.5,554.44
greyloch terrace 171,2023,2,18,18.04,58.94,636.52
greyloch terrace 171,2023,2,19,18.58,62.48,655.15
greyloch terrace 171,2023,2,20,20.03,62.18,674.67
greyloch terrace 171,2023,2,21,17.6,60.05,684.14
greyloch terrace 171,2023,2,22,18.9,54.84,
greyloch terrace 171,2023,2,23,19.1,62.29,
greyloch terrace 171,2023,2,24,18.11,57.6,
greyloch terrace 171,2023,2,25,18.52,63.75,634.15
greyloch terrace 171,2023,2,26,17.74,,580.59
greyloch terrace 171,2023,2,27,19.33,65.82,
greyloch terrace 171,2023,2,28,18.36,65.2,572.46
greyloch terrace 171,2023,3,1,18.92,63.63,664.29
greyloch terrace 171,2023,3,2,20.76,57.76,559.95
greyloch terrace 171,2023,3,3,18.84,55.76,
greyloch terrace 171,2023,3,4,19.81,64.63,584.93
greyloch terrace 171,2023,3,5,18.97,61.91,685.9
greyloch terrace 171,2023,3,6,18.36,63.23,491.74
greyloch terrace 171,2023,3,7,20.02,57.94,581.88
greyloch terrace 171,2023,3,8,18.78,58.11,722.37
greyloch terrace 171,2023,3,9,20.6,58.68,587.76
greyloch terrace 171,2023,3,10,18.91,64.24,730.12
greyloch terrace 171,2023,3,11,18.74,63.49,628.25
greyloch terrace 171,2023,3,12,19.63,61.41,
greyloch terrace 171,2023,3,13,,63.44,
greyloch terrace 171,2023,3,14,19.47,60.47,555.47
greyloch terrace 171,2023,3,15,19.16,64.05,686.39
greyloch terrace 171,2023,3,16,18.74,60.14,720.0
greyloch terrace 171,2023,3,17,18.84,59.3,708.38
greyloch terrace 171,2023,3,18,19.48,51.45,
greyloch terrace 171,2023,3,19,18.55,60.05,
greyloch terrace 171,2023,3,20,19.15,56.29,604.88
greyloch terrace 171,2023,3,21,19.22,60.3,687.76
greyloch terrace 171,2023,3,22,18.8,65.16,683.59
greyloch terrace 171,2023,3,23,17.76,62.46,
greyloch terrace 171,2023,3,24,18.84,58.96,717.16
greyloch terrace 171,2023,3,25,18.48,63.85,
greyloch terrace 171,2023,3,26,19.4,57.96,725.33
greyloch terrace 171,2023,3,27,18.63,56.83,759.58
greyloch terrace 171,2023,3,28,18.53,59.01,617.74
greyloch terrace 171,2023,3,29,19.06,65.01,603.99
greyloch terrace 171,2023,3,30,19.56,65.04,507.24
greyloch terrace 171,2023,3,31,19.05,56.16,589.77
U538935,2023,1,1,16.62,62.71,
U538935,2023,1,2,17.53,67.49,576.82
U538935,2023,1,3,17.08,63.02,578.41
U538935,2023,1,4,17.49,62.95,614.34
U538935,2023,1,5,16.84,60.79,
U538935,2023,1,6,18.23,,
U538935,2023,1,7,17.26,58.88,580.02
U538935,2023,1,8,16.9,62.59,608.82
U538935,2023,1,9,17.81,59.88,
U538935,2023,1,10,18.13,62.04,581.17
U538935,2023,1,11,17.08,62.0,728.31
U538935,2023,1,12,18.76,62.41,596.5
U538935,2023,1,13,17.36,63.18,484.34
U538935,2023,1,14,17.2,63.38,
U538935,2023,1,15,18.08,62.54,624.26
U538935,2023,1,16,17.59,61.23,664.65
U538935,2023,1,17,17.25,62.57,614.38
U538935,2023,1,18,17.62,59.42,647.95
U538935,2023,1,19,18.62,56.84,761.39
U538935,2023,1,20,18.11,59.95,
U538935,2023,1,21,16.77,60.27,525.82
U538935,2023,1,22,18.37,63.5,655.78
U538935,2023,1,23,17.52,61.3,
U538935,2023,1,24,17.43,64.71,641.47
U538935,2023,1,25,16.69,58.35,629.95
U538935,2023,1,26,18.56,62.74,716.83
U538935,2023,1,27,17.07,60.09,657.6
U538935,2023,1,28,17.54,57.98,617.03
U538935,2023,1,29,17.94,60.32,676.12
U538935,2023,1,30,16.42,67.91,662.39
U538935,2023,1,31,18.08,64.34,677.12
U538935,2023,2,1,18.39,60.29,594.91
U538935,2023,2,2,18.98,61.96,
U538935,2023,2,3,18.05,60.97,
U538935,2023,2,4,17.25,63.7,692.78
U538935,2023,2,5,17.03,59.87,
U538935,2023,2,6,18.08,62.33,591.69
U538935,2023,2,7,17.28,61.56,589.67
U538935,2023,2,8,19.78,62.76,631.76
U538935,2023,2,9,,65.45,
U538935,2023,2,10,17.01,57.59,
U538935,2023,2,11,,61.57,511.89
U538935,2023,2,12,17.72,57.99,696.98
U538935,2023,2,13,17.94,60.25,517.73
U538935,2023,2,14,18.39,56.92,
U538935,2023,2,15,17.82,57.16,
U538935,2023,2,16,17.3,60.98,789.33
U538935,2023,2,17,17.33,65.17,721.52
U538935,2023,2,18,18.12,65.97,699.52
U538935,2023,2,19,17.85,60.22,
U538935,2023,2,20,19.41,63.62,613.0
U538935,2023,2,21,16.78,65.34,
U538935,2023,2,22,17.18,62.67,
U538935,2023,2,23,17.62,61.04,
U538935,2023,2,24,17.46,60.64,629.13
U538935,2023,2,25,16.89,59.52,591.57
U538935,2023,2,26,17.53,64.68,705.28
U538935,2023,2,27,18.71,55.78,571.81
U538935,2023,2,28,18.7,59.38,653.98
U538935,2023,3,1,18.47,55.51,
U538935,2023,3,2,18.26,55.52,610.86
U538935,2023,3,3,16.86,57.98,674.72
U538935,2023,3,4,,60.37,
U538935,2023,3,5,18.97,60.77,522.73
U538935,2023,3,6,18.57,62.26,697.99
U538935,2023,3,7,18.73,58.82,593.82
U538935,2023,3,8,18.59,59.35,613.72
U538935,2023,3,9,18.02,57.74,
U538935,2023,3,10,18.8,50.62,670.43
U538935,2023,3,11,18.06,60.64,586.45
U538935,2023,3,12,18.42,60.45,582.09
U538935,2023,3,13,18.53,57.35,642.22
U538935,2023,3,14,18.54,61.93,
U538935,2023,3,15,18.47,62.96,
U538935,2023,3,16,18.59,,
U538935,2023,3,17,19.86,57.58,611.23
U538935,2023,3,18,17.23,59.44,561.53
U538935,2023,3,19,18.59,65.55,678.88
U538935,2023,3,20,18.53,68.78,
U538935,2023,3,21,18.06,58.94,636.34
U538935,2023,3,22,18.51,57.55,591.65
U538935,2023,3,23,,61.15,
U538935,2023,3,24,18.5,61.8,663.89
U538935,2023,3,25,,62.65,
U538935,2023,3,26,17.81,58.42,561.8
U538935,2023,3,27,18.91,58.25,759.76
U538935,2023,3,28,18.83,55.59,562.05
U538935,2023,3,29,17.82,61.7,
U538935,2023,3,30,17.3,58.01,
U538935,2023,3,31,18.95,60.35,
U73008163,2023,1,1,17.84,64.76,
U73008163,2023,1,2,17.25,62.91,
U73008163,2023,1,3,17.92,60.43,
U73008163,2023,1,4,18.39,60.92,689.72
U73008163,2023,1,5,18.04,61.65,
U73008163,2023,1,6,18.05,65.24,
U73008163,2023,1,7,18.22,60.56,
U73008163,2023,1,8,17.29,66.07,
U73008163,2023,1,9,18.38,55.99,
U73008163,2023,1,10,,62.12,
U73008163,2023,1,11,17.78,60.21,
U73008163,2023,1,12,17.68,62.95,
U73008163,2023,1,13,18.06,58.89,
U73008163,2023,1,14,18.24,58.15,
U73008163,2023,1,15,,62.01,
U73008163,2023,1,16,17.74,60.58,
U73008163,2023,1,17,17.26,61.5,
U73008163,2023,1,18,17.43,58.57,
U73008163,2023,1,19,17.64,,
U73008163,2023,1,20,17.15,61.51,
U73008163,2023,1,21,16.98,62.24,
U73008163,2023,1,22,18.57,60.54,
U73008163,2023,1,23,18.11,58.0,
U73008163,2023,1,24,17.54,59.1,599.39
U73008163,2023,1,25,18.0,57.56,
U73008163,2023,1,26,17.17,59.74,
U73008163,2023,1,27,18.42,57.27,
U73008163,2023,1,28,17.78,64.29,
U73008163,2023,1,29,18.29,64.55,
U73008163,2023,1,30,19.07,,
U73008163,2023,1,31,18.19,63.76,
U73008163,2023,2,1,17.92,58.91,
U73008163,2023,2,2,16.66,61.34,
U73008163,2023,2,3,18.54,59.88,
U73008163,2023,2,4,17.81,64.92,
U73008163,2023,2,5,17.19,63.63,
U73008163,2023,2,6,17.98,62.86,
U73008163,2023,2,7,17.32,60.22,
U73008163,2023,2,8,18.37,,
U73008163,2023,2,9,,58.82,
U73008163,2023,2,10,17.99,61.38,500.74
U73008163,2023,2,11,18.65,54.33,
U73008163,2023,2,12,17.59,64.09,
U73008163,2023,2,13,18.71,60.84,
U73008163,2023,2,14,,59.3,
U73008163,2023,2,15,18.26,60.13,
U73008163,2023,2,16,18.33,63.2,
U73008163,2023,2,17,17.58,62.06,
U73008163,2023,2,18,17.14,62.61,
U73008163,2023,2,19,18.31,67.99,
U73008163,2023,2,20,18.68,55.1,
U73008163,2023,2,21,,62.61,
U73008163,2023,2,22,18.23,63.46,
U73008163,2023,2,23,17.79,59.15,
U73008163,2023,2,24,18.54,61.84,
U73008163,2023,2,25,17.93,59.18,
U73008163,2023,2,26,18.15,60.64,
U73008163,2023,2,27,18.24,54.85,
U73008163,2023,2,28,19.13,66.45,
U73008163,2023,3,1,19.26,61.43,
U73008163,2023,3,2,19.12,59.82,
U73008163,2023,3,3,18.99,61.25,
U73008163,2023,3,4,19.46,60.74,
U73008163,2023,3,5,19.56,61.05,
U73008163,2023,3,6,17.26,64.76,
U73008163,2023,3,7,19.05,60.0,
U73008163,2023,3,8,18.4,57.62,
U73008163,2023,3,9,17.95,59.7,
U73008163,2023,3,10,17.69,59.19,
U73008163,2023,3,11,18.53,63.32,
U73008163,2023,3,12,19.51,59.71,
U73008163,2023,3,13,18.75,59.53,
U73008163,2023,3,14,18.34,60.01,
U73008163,2023,3,15,18.35,55.09,
U73008163,2023,3,16,16.97,59.98,
U73008163,2023,3,17,19.91,60.39,
U73008163,2023,3,18,18.3,,
U73008163,2023,3,19,19.9,56.06,
U73008163,2023,3,20,18.33,60.98,645.21
U73008163,2023,3,21,19.04,62.09,
U73008163,2023,3,22,18.22,58.2,624.02
U73008163,2023,3,23,17.17,60.89,
U73008163,2023,3,24,18.54,58.35,
U73008163,2023,3,25,17.03,62.95,
U73008163,2023,3,26,18.6,56.86,
U73008163,2023,3,27,17.71,63.41,
U73008163,2023,3,28,18.23,61.95,
U73008163,2023,3,29,18.77,58.18,
U73008163,2023,3,30,19.63,54.51,
U73008163,2023,3,31,18.46,55.7,
U732940,2023,1,1,19.72,60.3,
U732940,2023,1,2,17.51,61.25,
U732940,2023,1,3,19.14,62.2,653.31
U732940,2023,1,4,,56.99,620.1
U732940,2023,1,5,,60.04,598.75
U732940,2023,1,6,19.7,56.44,650.02
U732940,2023,1,7,19.62,65.58,
U732940,2023,1,8,18.68,59.09,625.36
U732940,2023,1,9,18.6,61.59,
U732940,2023,1,10,18.81,55.7,
U732940,2023,1,11,18.69,56.41,
U732940,2023,1,12,20.24,60.11,714.7
U732940,2023,1,13,,57.54,675.39
U732940,2023,1,14,19.19,62.68,628.33
U732940,2023,1,15,19.24,58.09,
U732940,2023,1,16,19.08,58.69,
U732940,2023,1,17,18.79,61.18,603.29
U732940,2023,1,18,19.05,60.58,554.04
U732940,2023,1,19,20.11,58.19,710.95
U732940,2023,1,20,20.14,59.12,617.49
U732940,2023,1,21,19.79,61.22,596.3
U732940,2023,1,22,19.11,56.16,653.93
U732940,2023,1,23,20.15,64.97,740.93
U732940,2023,1,24,,51.56,
U732940,2023,1,25,19.35,,611.41
U732940,2023,1,26,20.9,58.35,726.49
U732940,2023,1,27,18.47,54.45,
U732940,2023,1,28,18.38,,647.79
U732940,2023,1,29,19.96,63.35,
U732940,2023,1,30,19.36,63.01,674.34
U732940,2023,1,31,19.51,64.72,649.21
U732940,2023,2,1,19.13,58.08,645.31
U732940,2023,2,2,19.28,60.18,719.45
U732940,2023,2,3,19.93,60.83,621.86
U732940,2023,2,4,19.06,61.62,698.55
U732940,2023,2,5,19.5,62.1,636.57
U732940,2023,2,6,19.86,57.67,694.94
U732940,2023,2,7,18.27,,716.66
U732940,2023,2,8,19.87,58.2,601.47
U732940,2023,2,9,19.84,64.87,626.52
U732940,2023,2,10,18.59,59.2,
U732940,2023,2,11,20.45,59.7,596.32
U732940,2023,2,12,18.99,61.5,746.2
U732940,2023,2,13,18.67,57.28,670.69
U732940,2023,2,14,19.08,57.97,649.24
U732940,2023,2,15,18.35,59.66,625.16
U732940,2023,2,16,18.93,59.9,676.48
U732940,2023,2,17,19.01,63.3,645.8
U732940,2023,2,18,19.91,56.52,
U732940,2023,2,19,19.49,59.65,
U732940,2023,2,20,19.55,56.04,675.64
U732940,2023,2,21,19.37,59.76,551.6
U732940,2023,2,22,19.8,61.36,670.89
U732940,2023,2,23,19.14,59.66,573.25
U732940,2023,2,24,19.61,57.75,724.21
U732940,2023,2,25,19.0,61.1,654.67
U732940,2023,2,26,19.5,55.09,742.23
U732940,2023,2,27,19.18,60.45,598.54
U732940,2023,2,28,19.79,56.78,
U732940,2023,3,1,20.89,60.53,623.94
U732940,2023,3,2,20.72,,602.66
U732940,2023,3,3,19.94,59.31,599.17
U732940,2023,3,4,19.83,60.31,
U732940,2023,3,5,18.96,59.05,696.91
U732940,2023,3,6,19.94,61.44,607.18
U732940,2023,3,7,20.01,58.33,
U732940,2023,3,8,20.33,,578.14
U732940,2023,3,9,19.78,62.12,754.01
U732940,2023,3,10,18.65,57.57,660.44
U732940,2023,3,11,19.98,59.9,
U732940,2023,3,12,,54.61,711.04
U732940,2023,3,13,19.62,53.07,627.24
U732940,2023,3,14,19.57,58.66,585.01
U732940,2023,3,15,19.8,59.56,695.47
U732940,2023,3,16,19.27,58.72,657.85
U732940,2023,3,17,19.81,60.5,
U732940,2023,3,18,20.1,59.39,
U732940,2023,3,19,19.94,57.72,
U732940,2023,3,20,20.59,63.2,696.58
U732940,2023,3,21,19.62,58.88,675.21
U732940,2023,3,22,19.83,59.64,
U732940,2023,3,23,20.21,58.81,621.66
U732940,2023,3,24,20.55,59.87,699.89
U732940,2023,3,25,20.27,62.11,
U732940,2023,3,26,19.77,63.28,
U732940,2023,3,27,20.24,59.98,761.48
U732940,2023,3,28,20.39,58.83,
U732940,2023,3,29,21.31,58.53,649.57
U732940,2023,3,30,20.68,61.8,665.84
U732940,2023,3,31,20.25,60.96,543.55
93 sowgate walk,2023,1,1,18.69,70.92,
93 sowgate walk,2023,1,2,18.36,,
93 sowgate walk,2023,1,3,17.48,62.6,
93 sowgate walk,2023,1,4,17.68,69.54,562.09
93 sowgate walk,2023,1,5,18.4,,760.21
93 sowgate walk,2023,1,6,17.82,62.31,
93 sowgate walk,2023,1,7,18.92,61.99,
93 sowgate walk,2023,1,8,18.3,60.96,
93 sowgate walk,2023,1,9,19.48,55.94,
93 sowgate walk,2023,1,10,17.49,60.8,
93 sowgate walk,2023,1,11,18.58,55.81,
93 sowgate walk,2023,1,12,18.65,58.37,
93 sowgate walk,2023,1,13,19.12,62.08,
93 sowgate walk,2023,1,14,18.53,,
93 sowgate walk,2023,1,15,18.25,62.72,
93 sowgate walk,2023,1,16,18.36,61.89,
93 sowgate walk,2023,1,17,18.38,56.31,632.71
93 sowgate walk,2023,1,18,17.68,57.99,
93 sowgate walk,2023,1,19,18.87,58.46,
93 sowgate walk,2023,1,20,18.33,58.73,
93 sowgate walk,2023,1,21,17.61,60.45,662.76
93 sowgate walk,2023,1,22,18.46,55.96,
93 sowgate walk,2023,1,23,17.74,60.81,659.07
93 sowgate walk,2023,1,24,17.92,65.21,641.48
93 sowgate walk,2023,1,25,18.17,56.86,
93 sowgate walk,2023,1,26,18.81,63.27,639.85
93 sowgate walk,2023,1,27,17.94,,
93 sowgate walk,2023,1,28,18.49,60.38,
93 sowgate walk,2023,1,29,17.73,60.38,
93 sowgate walk,2023,1,30,18.45,52.15,612.12
93 sowgate walk,2023,1,31,18.5,58.04,592.12
93 sowgate walk,2023,2,1,18.16,58.24,
93 sowgate walk,2023,2,2,19.28,56.95,
93 sowgate walk,2023,2,3,19.26,64.39,
93 sowgate walk,2023,2,4,18.94,58.08,
93 sowgate walk,2023,2,5,17.75,57.21,566.7
93 sowgate walk,2023,2,6,18.5,63.31,
93 sowgate walk,2023,2,7,18.62,64.39,
93 sowgate walk,2023,2,8,19.22,59.58,
93 sowgate walk,2023,2,9,18.57,64.46,675.42
93 sowgate walk,2023,2,10,19.03,59.62,
93 sowgate walk,2023,2,11,18.18,58.79,509.88
93 sowgate walk,2023,2,12,17.81,65.05,
93 sowgate walk,2023,2,13,18.81,58.25,
93 sowgate walk,2023,2,14,18.81,62.29,
93 sowgate walk,2023,2,15,17.84,60.46,
93 sowgate walk,2023,2,16,19.01,61.18,
93 sowgate walk,2023,2,17,18.82,57.1,
93 sowgate walk,2023,2,18,19.44,58.59,647.48
93 sowgate walk,2023,2,19,18.19,60.61,512.26
93 sowgate walk,2023,2,20,18.72,60.35,
93 sowgate walk,2023,2,21,,61.18,
93 sowgate walk,2023,2,22,18.66,61.85,689.71
93 sowgate walk,2023,2,23,19.0,60.87,
93 sowgate walk,2023,2,24,18.99,58.95,
93 sowgate walk,2023,2,25,19.25,60.48,
93 sowgate walk,2023,2,26,19.06,64.57,
93 sowgate walk,2023,2,27,18.07,63.19,
93 sowgate walk,2023,2,28,19.03,65.87,615.9
93 sowgate walk,2023,3,1,19.66,,
93 sowgate walk,2023,3,2,18.83,60.67,592.19
93 sowgate walk,2023,3,3,19.37,55.67,690.9
93 sowgate walk,2023,3,4,19.95,62.43,
93 sowgate walk,2023,3,5,19.61,66.56,
93 sowgate walk,2023,3,6,18.17,61.72,
93 sowgate walk,2023,3,7,20.34,56.37,586.98
93 sowgate walk,2023,3,8,19.08,59.55,
93 sowgate walk,2023,3,9,18.36,62.64,630.41
93 sowgate walk,2023,3,10,19.36,63.88,
93 sowgate walk,2023,3,11,19.71,57.17,
93 sowgate walk,2023,3,12,19.76,60.11,
93 sowgate walk,2023,3,13,18.01,58.83,
93 sowgate walk,2023,3,14,19.45,60.39,
93 sowgate walk,2023,3,15,19.35,58.55,
93 sowgate walk,2023,3,16,18.15,66.83,655.91
93 sowgate walk,2023,3,17,18.19,55.2,
93 sowgate walk,2023,3,18,18.58,62.4,
93 sowgate walk,2023,3,19,19.56,58.32,
93 sowgate walk,2023,3,20,19.39,56.0,637.82
93 sowgate walk,2023,3,21,19.22,59.26,
93 sowgate walk,2023,3,22,18.93,60.11,693.63
93 sowgate walk,2023,3,23,18.75,61.65,
93 sowgate walk,2023,3,24,19.28,60.45,
93 sowgate walk,2023,3,25,19.99,64.79,
93 sowgate walk,2023,3,26,19.52,57.47,
93 sowgate walk,2023,3,27,18.4,59.32,587.07
93 sowgate walk,2023,3,28,20.35,60.85,
93 sowgate walk,2023,3,29,18.37,58.15,
93 sowgate walk,2023,3,30,19.39,54.51,
93 sowgate walk,2023,3,31,18.71,55.31,
U011764205,2023,1,1,18.46,61.64,
U011764205,2023,1,2,17.02,62.15,
U011764205,2023,1,3,18.37,63.51,
U011764205,2023,1,4,17.03,58.79,
U011764205,2023,1,5,19.36,60.49,
U011764205,2023,1,6,18.2,62.66,
U011764205,2023,1,7,17.35,58.0,
U011764205,2023,1,8,18.46,61.77,
U011764205,2023,1,9,17.38,62.14,
U011764205,2023,1,10,,,
U011764205,2023,1,11,17.49,59.97,
U011764205,2023,1,12,17.59,67.1,
U011764205,2023,1,13,18.05,63.47,
U011764205,2023,1,14,18.05,58.94,
U011764205,2023,1,15,17.68,63.36,
U011764205,2023,1,16,18.38,65.11,
U011764205,2023,1,17,17.31,61.39,599.55
U011764205,2023,1,18,17.98,58.48,688.61
U011764205,2023,1,19,17.75,60.41,
U011764205,2023,1,20,17.66,59.04,
U011764205,2023,1,21,17.74,64.06,
U011764205,2023,1,22,17.4,63.05,
U011764205,2023,1,23,17.57,59.64,
U011764205,2023,1,24,17.06,67.0,
U011764205,2023,1,25,18.29,62.28,
U011764205,2023,1,26,17.02,57.67,
U011764205,2023,1,27,17.88,58.75,
U011764205,2023,1,28,17.48,62.11,646.25
U011764205,2023,1,29,16.82,59.61,
U011764205,2023,1,30,18.84,60.26,721.95
U011764205,2023,1,31,17.69,60.52,
U011764205,2023,2,1,18.22,63.39,624.34
U011764205,2023,2,2,17.97,62.43,
U011764205,2023,2,3,17.49,69.41,
U011764205,2023,2,4,18.31,58.35,
U011764205,2023,2,5,17.23,,
U011764205,2023,2,6,17.98,61.38,618.19
U011764205,2023,2,7,17.16,63.52,
U011764205,2023,2,8,,61.04,
U011764205,2023,2,9,17.66,58.67,
U011764205,2023,2,10,17.43,58.57,
U011764205,2023,2,11,17.63,65.46,
U011764205,2023,2,12,18.08,61.75,
U011764205,2023,2,13,18.43,60.64,
U011764205,2023,2,14,17.37,67.14,
U011764205,2023,2,15,17.69,60.81,
U011764205,2023,2,16,17.38,60.51,494.86
U011764205,2023,2,17,16.18,62.23,
U011764205,2023,2,18,18.41,63.31,
U011764205,2023,2,19,17.48,,
U011764205,2023,2,20,17.8,62.82,
U011764205,2023,2,21,18.36,61.82,
U011764205,2023,2,22,16.74,62.82,
U011764205,2023,2,23,16.93,53.37,
U011764205,2023,2,24,17.8,64.43,
U011764205,2023,2,25,18.86,66.05,
U011764205,2023,2,26,17.61,61.06,677.29
U011764205,2023,2,27,18.23,58.33,
U011764205,2023,2,28,16.97,64.96,
U011764205,2023,3,1,18.12,59.32,
U011764205,2023,3,2,18.97,,
U011764205,2023,3,3,18.96,60.59,
U011764205,2023,3,4,19.4,60.59,
U011764205,2023,3,5,,56.76,
U011764205,2023,3,6,19.74,62.02,
U011764205,2023,3,7,18.45,59.92,
U011764205,2023,3,8,18.1,60.44,
U011764205,2023,3,9,18.44,58.93,
U011764205,2023,3,10,18.48,62.51,660.27
U011764205,2023,3,11,18.47,65.7,
U011764205,2023,3,12,18.32,58.81,624.3
U011764205,2023,3,13,17.89,59.81,
U011764205,2023,3,14,18.19,63.05,
U011764205,2023,3,15,19.66,63.52,
U011764205,2023,3,16,18.58,63.85,
U011764205,2023,3,17,18.94,60.41,
U011764205,2023,3,18,19.39,60.05,
U011764205,2023,3,19,18.11,66.21,
U011764205,2023,3,20,18.66,65.99,643.87
U011764205,2023,3,21,18.35,64.98,715.74
U011764205,2023,3,22,17.67,60.73,718.74
U011764205,2023,3,23,17.45,59.43,
U011764205,2023,3,24,18.11,57.94,
U011764205,2023,3,25,19.42,60.15,
U011764205,2023,3,26,19.07,66.88,
U011764205,2023,3,27,17.98,60.87,
U011764205,2023,3,28,18.32,58.31,739.25
U011764205,2023,3,29,18.08,55.87,652.44
U011764205,2023,3,30,18.13,66.03,706.26
U011764205,2023,3,31,17.36,60.42,
U564187982,2023,1,1,17.24,57.96,
U564187982,2023,1,2,17.27,62.1,
U564187982,2023,1,3,18.29,58.22,548.03
U564187982,2023,1,4,17.15,69.46,530.79
U564187982,2023,1,5,17.06,65.0,741.19
U564187982,2023,1,6,16.93,58.45,
U564187982,2023,1,7,17.49,64.93,643.76
U564187982,2023,1,8,18.78,62.55,
U564187982,2023,1,9,17.33,64.0,749.1
U564187982,2023,1,10,17.98,62.31,680.06
U564187982,2023,1,11,16.62,69.96,634.74
U564187982,2023,1,12,16.71,62.59,
U564187982,2023,1,13,17.5,65.89,
U564187982,2023,1,14,17.01,65.94,
U564187982,2023,1,15,17.01,61.44,766.66
U564187982,2023,1,16,17.96,63.63,700.92
U564187982,2023,1,17,17.92,,
U564187982,2023,1,18,17.89,60.22,
U564187982,2023,1,19,17.17,,579.75
U564187982,2023,1,20,16.86,,641.53
U564187982,2023,1,21,17.74,,662.08
U564187982,2023,1,22,17.74,58.69,
U564187982,2023,1,23,17.19,59.07,692.92
U564187982,2023,1,24,16.61,59.45,
U564187982,2023,1,25,17.47,62.12,
U564187982,2023,1,26,17.06,64.17,567.27
U564187982,2023,1,27,15.94,61.83,662.95
U564187982,2023,1,28,,67.61,
U564187982,2023,1,29,17.01,60.51,645.44
U564187982,2023,1,30,16.65,61.58,
U564187982,2023,1,31,17.31,62.76,
U564187982,2023,2,1,16.93,66.65,674.56
U564187982,2023,2,2,16.76,65.92,649.67
U564187982,2023,2,3,17.34,56.31,711.95
U564187982,2023,2,4,17.66,63.03,
U564187982,2023,2,5,17.85,56.69,
U564187982,2023,2,6,18.4,54.7,582.88
U564187982,2023,2,7,18.55,57.72,
U564187982,2023,2,8,17.2,61.35,645.76
U564187982,2023,2,9,18.19,68.1,600.65
U564187982,2023,2,10,17.44,61.99,
U564187982,2023,2,11,18.01,62.47,
U564187982,2023,2,12,17.42,64.84,614.39
U564187982,2023,2,13,17.91,63.75,671.58
U564187982,2023,2,14,17.14,61.99,640.38
U564187982,2023,2,15,17.5,67.25,
U564187982,2023,2,16,18.85,60.38,680.67
U564187982,2023,2,17,17.54,62.68,
U564187982,2023,2,18,18.02,62.39,576.02
U564187982,2023,2,19,16.69,56.38,
U564187982,2023,2,20,17.99,61.64,608.88
U564187982,2023,2,21,17.64,,558.61
U564187982,2023,2,22,16.92,58.39,
U564187982,2023,2,23,17.6,60.44,623.07
U564187982,2023,2,24,17.75,59.25,744.63
U564187982,2023,2,25,17.73,56.6,630.9
U564187982,2023,2,26,17.63,54.92,643.74
U564187982,2023,2,27,17.79,,758.27
U564187982,2023,2,28,17.7,65.83,599.62
U564187982,2023,3,1,17.84,61.13,721.93
U564187982,2023,3,2,17.86,63.26,663.65
U564187982,2023,3,3,18.78,58.47,
U564187982,2023,3,4,18.07,62.51,665.13
U564187982,2023,3,5,17.89,63.24,
U564187982,2023,3,6,17.71,64.12,
U564187982,2023,3,7,18.34,57.18,601.03
U564187982,2023,3,8,19.12,65.59,661.2
U564187982,2023,3,9,18.05,64.04,
U564187982,2023,3,10,18.05,56.01,
U564187982,2023,3,11,17.57,63.34,
U564187982,2023,3,12,18.02,56.19,704.86
U564187982,2023,3,13,19.11,59.24,647.8
U564187982,2023,3,14,17.85,60.06,
U564187982,2023,3,15,17.54,62.38,599.37
U564187982,2023,3,16,18.51,57.97,621.14
U564187982,2023,3,17,18.12,61.58,577.51
U564187982,2023,3,18,18.21,52.95,634.35
U564187982,2023,3,19,18.6,66.1,
U564187982,2023,3,20,18.43,55.88,603.43
U564187982,2023,3,21,18.11,54.75,616.92
U564187982,2023,3,22,18.89,57.91,
U564187982,2023,3,23,17.59,60.35,671.89
U564187982,2023,3,24,17.94,63.91,551.48
U564187982,2023,3,25,17.94,65.58,713.74
U564187982,2023,3,26,17.65,58.98,
U564187982,2023,3,27,18.38,60.3,621.53
U564187982,2023,3,28,19.63,57.32,742.67
U564187982,2023,3,29,,65.6,593.07
U564187982,2023,3,30,17.84,62.36,
U564187982,2023,3,31,17.96,56.34,634.05
sowgate walk 17,2023,1,1,17.54,63.85,723.2
sowgate walk 17,2023,1,2,18.03,59.93,
sowgate walk 17,2023,1,3,18.0,63.02,780.29
sowgate walk 17,2023,1,4,17.2,59.51,682.74
sowgate walk 17,2023,1,5,18.05,52.89,711.61
sowgate walk 17,2023,1,6,17.86,59.89,668.25
sowgate walk 17,2023,1,7,16.68,59.05,
sowgate walk 17,2023,1,8,17.89,62.08,687.03
sowgate walk 17,2023,1,9,17.83,64.13,
sowgate walk 17,2023,1,10,17.1,60.22,
sowgate walk 17,2023,1,11,18.78,62.19,
sowgate walk 17,2023,1,12,17.95,59.75,690.96
sowgate walk 17,2023,1,13,17.9,58.1,662.75
sowgate walk 17,2023,1,14,17.75,62.09,562.13
sowgate walk 17,2023,1,15,18.38,59.77,593.42
sowgate walk 17,2023,1,16,18.3,60.51,654.93
sowgate walk 17,2023,1,17,18.61,61.88,628.22
sowgate walk 17,2023,1,18,18.64,61.53,645.81
sowgate walk 17,2023,1,19,18.54,59.76,
sowgate walk 17,2023,1,20,17.86,64.6,568.13
sowgate walk 17,2023,1,21,17.71,61.11,
sowgate walk 17,2023,1,22,17.87,59.67,708.59
sowgate walk 17,2023,1,23,17.75,56.95,609.56
sowgate walk 17,2023,1,24,18.85,61.09,
sowgate walk 17,2023,1,25,18.01,60.77,
sowgate walk 17,2023,1,26,17.85,59.21,624.12
sowgate walk 17,2023,1,27,18.47,62.62,520.96
sowgate walk 17,2023,1,28,17.1,51.96,
sowgate walk 17,2023,1,29,17.24,58.96,678.19
sowgate walk 17,2023,1,30,17.31,62.27,544.36
sowgate walk 17,2023,1,31,17.96,65.57,
sowgate walk 17,2023,2,1,18.42,61.46,602.43
sowgate walk 17,2023,2,2,18.9,60.32,647.77
sowgate walk 17,2023,2,3,19.39,56.74,593.46
sowgate walk 17,2023,2,4,18.27,62.32,
sowgate walk 17,2023,2,5,18.46,62.09,718.11
sowgate walk 17,2023,2,6,17.86,65.5,599.39
sowgate walk 17,2023,2,7,18.85,62.02,676.87
sowgate walk 17,2023,2,8,18.24,60.85,577.48
sowgate walk 17,2023,2,9,18.87,60.41,
sowgate walk 17,2023,2,10,18.1,67.47,632.06
sowgate walk 17,2023,2,11,18.95,60.26,681.8
sowgate walk 17,2023,2,12,18.07,58.81,
sowgate walk 17,2023,2,13,,67.11,627.76
sowgate walk 17,2023,2,14,18.66,61.29,
sowgate walk 17,2023,2,15,18.08,63.45,612.2
sowgate walk 17,2023,2,16,19.56,60.5,
sowgate walk 17,2023,2,17,17.85,56.03,707.16
sowgate walk 17,2023,2,18,18.0,66.07,595.26
sowgate walk 17,2023,2,19,17.76,62.64,
sowgate walk 17,2023,2,20,17.5,59.1,640.4
sowgate walk 17,2023,2,21,19.19,61.16,575.17
sowgate walk 17,2023,2,22,19.09,61.37,582.95
sowgate walk 17,2023,2,23,18.59,52.66,591.43
sowgate walk 17,2023,2,24,17.44,61.54,564.07
sowgate walk 17,2023,2,25,18.5,60.49,718.16
sowgate walk 17,2023,2,26,18.21,58.3,717.13
sowgate walk 17,2023,2,27,17.98,60.11,603.06
sowgate walk 17,2023,2,28,18.98,59.92,
sowgate walk 17,2023,3,1,18.23,61.92,648.16
sowgate walk 17,2023,3,2,18.05,61.91,696.98
sowgate walk 17,2023,3,3,18.5,58.34,
sowgate walk 17,2023,3,4,20.15,58.01,650.81
sowgate walk 17,2023,3,5,18.83,56.76,714.48
sowgate walk 17,2023,3,6,19.55,63.73,620.91
sowgate walk 17,2023,3,7,18.59,62.44,780.96
sowgate walk 17,2023,3,8,19.29,61.05,559.51
sowgate walk 17,2023,3,9,19.49,60.51,651.32
sowgate walk 17,2023,3,10,18.92,57.82,
sowgate walk 17,2023,3,11,18.99,,682.11
sowgate walk 17,2023,3,12,18.21,61.95,600.33
sowgate walk 17,2023,3,13,18.57,53.78,652.1
sowgate walk 17,2023,3,14,18.34,60.49,584.89
sowgate walk 17,2023,3,15,18.59,62.12,
sowgate walk 17,2023,3,16,19.04,59.78,435.88
sowgate walk 17,2023,3,17,18.65,63.6,597.09
sowgate walk 17,2023,3,18,18.28,56.86,
sowgate walk 17,2023,3,19,19.83,60.42,576.86
sowgate walk 17,2023,3,20,19.73,53.15,635.06
sowgate walk 17,2023,3,21,18.39,57.72,545.89
sowgate walk 17,2023,3,22,18.22,60.75,
sowgate walk 17,2023,3,23,19.42,59.68,
sowgate walk 17,2023,3,24,18.93,56.35,618.29
sowgate walk 17,2023,3,25,19.59,55.3,733.43
sowgate walk 17,2023,3,26,19.04,62.14,526.92
sowgate walk 17,2023,3,27,18.6,59.65,
sowgate walk 17,2023,3,28,18.23,56.34,
sowgate walk 17,2023,3,29,18.21,58.44,656.99
sowgate walk 17,2023,3,30,19.14,55.74,
sowgate walk 17,2023,3,31,19.78,61.2,562.55
U882661553,2023,1,1,16.16,61.69,564.56
U882661553,2023,1,2,15.98,58.93,573.31
U882661553,2023,1,3,16.35,62.89,
U882661553,2023,1,4,15.57,59.16,622.62
U882661553,2023,1,5,16.44,66.13,
U882661553,2023,1,6,16.82,63.41,
U882661553,2023,1,7,16.59,62.34,662.81
U882661553,2023,1,8,15.39,63.53,
U882661553,2023,1,9,15.95,67.27,
U882661553,2023,1,10,16.66,55.58,716.85
U882661553,2023,1,11,16.4,65.07,
U882661553,2023,1,12,16.29,63.29,
U882661553,2023,1,13,16.86,65.41,718.2
U882661553,2023,1,14,15.47,59.87,580.03
U882661553,2023,1,15,15.55,63.05,642.51
U882661553,2023,1,16,17.01,65.32,637.49
U882661553,2023,1,17,15.71,66.01,624.89
U882661553,2023,1,18,16.23,65.55,595.48
U882661553,2023,1,19,15.76,62.93,
U882661553,2023,1,20,16.27,63.43,605.57
U882661553,2023,1,21,16.76,60.39,618.79
U882661553,2023,1,22,15.9,61.62,
U882661553,2023,1,23,15.93,64.1,
U882661553,2023,1,24,16.46,61.18,653.05
U882661553,2023,1,25,15.82,,
U882661553,2023,1,26,16.49,59.34,688.72
U882661553,2023,1,27,15.88,65.71,707.06
U882661553,2023,1,28,16.87,61.47,
U882661553,2023,1,29,16.73,61.62,
U882661553,2023,1,30,15.68,62.65,665.32
U882661553,2023,1,31,15.02,62.56,584.79
U882661553,2023,2,1,15.96,62.14,735.01
U882661553,2023,2,2,16.05,64.57,707.39
U882661553,2023,2,3,16.06,57.53,579.68
U882661553,2023,2,4,15.94,66.39,637.68
U882661553,2023,2,5,16.69,,
U882661553,2023,2,6,16.52,58.4,
U882661553,2023,2,7,15.79,64.03,681.63
U882661553,2023,2,8,15.86,62.53,627.37
U882661553,2023,2,9,17.01,64.51,545.36
U882661553,2023,2,10,16.06,60.67,669.98
U882661553,2023,2,11,17.44,63.73,606.39
U882661553,2023,2,12,15.96,58.84,
U882661553,2023,2,13,16.56,63.77,639.51
U882661553,2023,2,14,16.92,65.29,621.97
U882661553,2023,2,15,16.41,59.78,589.14
U882661553,2023,2,16,16.45,66.48,709.03
U882661553,2023,2,17,17.12,60.84,679.05
U882661553,2023,2,18,17.45,62.05,634.45
U882661553,2023,2,19,16.83,63.88,643.0
U882661553,2023,2,20,16.04,60.27,756.87
U882661553,2023,2,21,17.11,65.69,656.3
U882661553,2023,2,22,15.73,61.22,641.18
U882661553,2023,2,23,16.13,59.62,631.98
U882661553,2023,2,24,16.68,64.83,662.52
U882661553,2023,2,25,16.77,56.26,
U882661553,2023,2,26,,,
U882661553,2023,2,27,15.72,58.65,
U882661553,2023,2,28,16.67,61.77,733.28
U882661553,2023,3,1,17.29,66.24,530.98
U882661553,2023,3,2,17.32,65.77,
U882661553,2023,3,3,,66.45,557.8
U882661553,2023,3,4,17.78,62.56,690.14
U882661553,2023,3,5,18.2,,681.08
U882661553,2023,3,6,18.35,61.02,634.94
U882661553,2023,3,7,16.61,64.97,639.8
U882661553,2023,3,8,17.11,56.92,686.95
U882661553,2023,3,9,16.5,61.84,583.72
U882661553,2023,3,10,17.43,61.93,
U882661553,2023,3,11,16.55,,687.14
U882661553,2023,3,12,16.78,59.79,
U882661553,2023,3,13,17.24,66.85,665.76
U882661553,2023,3,14,16.66,62.42,
U882661553,2023,3,15,17.9,59.01,629.0
U882661553,2023,3,16,18.12,63.8,756.58
U882661553,2023,3,17,16.45,62.41,607.01
U882661553,2023,3,18,,59.52,
U882661553,2023,3,19,16.83,67.21,593.98
U882661553,2023,3,20,16.86,64.42,554.25
U882661553,2023,3,21,16.21,63.15,
U882661553,2023,3,22,16.79,65.82,
U882661553,2023,3,23,16.99,63.07,
U882661553,2023,3,24,17.38,60.68,687.28
U882661553,2023,3,25,17.47,59.14,604.61
U882661553,2023,3,26,17.01,64.18,585.67
U882661553,2023,3,27,16.97,61.04,622.05
U882661553,2023,3,28,16.74,59.24,560.2
U882661553,2023,3,29,17.21,66.42,
U882661553,2023,3,30,16.18,62.24,677.96
U882661553,2023,3,31,16.88,60.85,
U354490786,2023,1,1,17.45,64.88,711.03
U354490786,2023,1,2,17.98,59.65,693.72
U354490786,2023,1,3,17.68,64.47,627.06
U354490786,2023,1,4,17.23,62.97,
U354490786,2023,1,5,,63.08,
U354490786,2023,1,6,16.49,61.77,635.17
U354490786,2023,1,7,16.68,63.25,
U354490786,2023,1,8,19.25,62.12,727.63
U354490786,2023,1,9,17.34,64.52,
U354490786,2023,1,10,16.77,58.5,
U354490786,2023,1,11,16.81,64.3,
U354490786,2023,1,12,18.22,61.42,
U354490786,2023,1,13,,62.32,
U354490786,2023,1,14,17.73,60.75,
U354490786,2023,1,15,16.13,53.14,701.29
U354490786,2023,1,16,17.98,63.98,702.09
U354490786,2023,1,17,18.6,55.97,
U354490786,2023,1,18,18.65,56.62,
U354490786,2023,1,19,17.23,63.49,613.2
U354490786,2023,1,20,16.3,60.9,608.39
U354490786,2023,1,21,17.27,59.72,735.48
U354490786,2023,1,22,17.24,61.37,
U354490786,2023,1,23,17.3,62.52,655.39
U354490786,2023,1,24,17.29,69.15,682.58
U354490786,2023,1,25,18.11,60.88,
U354490786,2023,1,26,17.18,60.83,564.31
U354490786,2023,1,27,16.91,56.01,588.18
U354490786,2023,1,28,18.64,63.4,673.37
U354490786,2023,1,29,17.57,66.37,655.25
U354490786,2023,1,30,17.88,65.13,575.37
U354490786,2023,1,31,17.28,62.84,511.02
U354490786,2023,2,1,18.3,62.1,
U354490786,2023,2,2,17.65,60.55,
U354490786,2023,2,3,17.74,64.71,633.36
U354490786,2023,2,4,16.77,58.25,555.86
U354490786,2023,2,5,18.02,63.48,663.07
U354490786,2023,2,6,17.79,60.69,
U354490786,2023,2,7,17.47,59.62,
U354490786,2023,2,8,17.75,,637.67
U354490786,2023,2,9,17.65,58.81,
U354490786,2023,2,10,17.52,57.91,640.62
U354490786,2023,2,11,18.78,61.75,609.83
U354490786,2023,2,12,17.67,63.15,586.32
U354490786,2023,2,13,16.68,62.46,634.5
U354490786,2023,2,14,18.1,54.95,
U354490786,2023,2,15,17.7,60.87,590.23
U354490786,2023,2,16,17.68,66.5,
U354490786,2023,2,17,,56.34,687.35
U354490786,2023,2,18,17.97,63.38,586.64
U354490786,2023,2,19,18.29,59.71,553.29
U354490786,2023,2,20,16.67,56.45,
U354490786,2023,2,21,18.09,64.8,
U354490786,2023,2,22,17.76,69.09,481.49
U354490786,2023,2,23,17.04,63.85,
U354490786,2023,2,24,17.54,58.63,574.59
U354490786,2023,2,25,18.71,65.66,
U354490786,2023,2,26,17.99,64.61,
U354490786,2023,2,27,18.25,56.56,
U354490786,2023,2,28,17.98,64.57,561.35
U354490786,2023,3,1,18.92,60.02,735.96
U354490786,2023,3,2,18.04,63.45,
U354490786,2023,3,3,17.57,60.97,
U354490786,2023,3,4,18.27,61.26,652.39
U354490786,2023,3,5,17.89,59.21,627.74
U354490786,2023,3,6,18.6,,638.53
U354490786,2023,3,7,18.99,59.34,675.69
U354490786,2023,3,8,18.1,56.17,573.1
U354490786,2023,3,9,18.88,58.62,609.36
U354490786,2023,3,10,19.68,57.99,701.39
U354490786,2023,3,11,18.22,56.4,567.72
U354490786,2023,3,12,17.93,61.85,636.89
U354490786,2023,3,13,18.4,60.84,
U354490786,2023,3,14,,57.7,600.71
U354490786,2023,3,15,18.51,60.06,
U354490786,2023,3,16,18.25,62.26,692.06
U354490786,2023,3,17,18.24,57.05,606.16
U354490786,2023,3,18,18.23,63.3,678.89
U354490786,2023,3,19,17.62,56.96,605.87
U354490786,2023,3,20,17.93,57.73,612.02
U354490786,2023,3,21,18.08,65.78,596.1
U354490786,2023,3,22,18.7,58.9,577.72
U354490786,2023,3,23,17.85,60.48,615.36
U354490786,2023,3,24,19.18,62.14,657.27
U354490786,2023,3,25,17.82,64.72,
U354490786,2023,3,26,18.22,59.2,635.18
U354490786,2023,3,27,18.29,,600.52
U354490786,2023,3,28,18.36,60.98,
U354490786,2023,3,29,17.88,65.19,
U354490786,2023,3,30,18.89,59.94,641.09
U354490786,2023,3,31,18.06,58.71,799.12
U1641392,2023,1,1,18.4,57.39,
U1641392,2023,1,2,18.64,57.59,
U1641392,2023,1,3,19.29,59.31,693.95
U1641392,2023,1,4,18.15,60.24,
U1641392,2023,1,5,19.34,62.73,
U1641392,2023,1,6,18.41,62.32,
U1641392,2023,1,7,18.48,60.67,
U1641392,2023,1,8,19.2,58.86,
U1641392,2023,1,9,17.92,63.72,
U1641392,2023,1,10,19.02,58.17,696.02
U1641392,2023,1,11,19.08,58.89,589.59
U1641392,2023,1,12,18.84,63.97,707.71
U1641392,2023,1,13,18.58,62.28,
U1641392,2023,1,14,17.84,64.22,
U1641392,2023,1,15,18.61,58.01,
U1641392,2023,1,16,18.87,60.87,
U1641392,2023,1,17,19.36,55.5,
U1641392,2023,1,18,19.48,60.64,
U1641392,2023,1,19,17.62,60.66,
U1641392,2023,1,20,18.34,62.16,637.57
U1641392,2023,1,21,19.4,66.76,
U1641392,2023,1,22,18.84,58.45,684.66
U1641392,2023,1,23,18.95,61.14,
U1641392,2023,1,24,18.53,57.06,
U1641392,2023,1,25,19.03,,
U1641392,2023,1,26,18.72,60.78,698.03
U1641392,2023,1,27,18.58,60.41,552.71
U1641392,2023,1,28,18.45,55.61,
U1641392,2023,1,29,18.73,62.91,
U1641392,2023,1,30,18.59,59.64,693.75
U1641392,2023,1,31,18.37,62.93,
U1641392,2023,2,1,19.11,58.41,
U1641392,2023,2,2,19.54,58.1,
U1641392,2023,2,3,18.47,60.31,
U1641392,2023,2,4,18.95,61.18,
U1641392,2023,2,5,18.62,65.2,
U1641392,2023,2,6,19.83,59.74,671.28
U1641392,2023,2,7,19.31,60.65,701.77
U1641392,2023,2,8,18.86,60.21,
U1641392,2023,2,9,18.9,56.92,608.17
U1641392,2023,2,10,19.07,57.65,
U1641392,2023,2,11,19.3,56.83,
U1641392,2023,2,12,19.26,61.29,
U1641392,2023,2,13,17.91,60.29,
U1641392,2023,2,14,18.95,,730.64
U1641392,2023,2,15,20.08,,667.28
U1641392,2023,2,16,19.03,60.45,
U1641392,2023,2,17,19.59,57.42,
U1641392,2023,2,18,19.31,61.72,
U1641392,2023,2,19,19.47,56.6,
U1641392,2023,2,20,18.76,57.61,
U1641392,2023,2,21,19.22,60.46,
U1641392,2023,2,22,19.49,59.3,
U1641392,2023,2,23,19.11,,
U1641392,2023,2,24,18.17,55.52,
U1641392,2023,2,25,19.04,54.85,
U1641392,2023,2,26,19.28,58.83,
U1641392,2023,2,27,19.63,59.44,
U1641392,2023,2,28,18.58,63.33,
U1641392,2023,3,1,19.96,61.33,
U1641392,2023,3,2,19.95,59.83,
U1641392,2023,3,3,18.74,55.5,567.29
U1641392,2023,3,4,20.44,63.36,
U1641392,2023,3,5,19.85,60.75,561.69
U1641392,2023,3,6,19.67,60.42,
U1641392,2023,3,7,18.96,58.29,
U1641392,2023,3,8,19.24,62.36,
U1641392,2023,3,9,19.95,59.98,
U1641392,2023,3,10,19.19,63.26,
U1641392,2023,3,11,19.73,58.03,651.75
U1641392,2023,3,12,18.73,59.45,
U1641392,2023,3,13,19.78,58.49,
U1641392,2023,3,14,19.62,61.02,
U1641392,2023,3,15,18.84,58.21,
U1641392,2023,3,16,19.42,57.11,
U1641392,2023,3,17,20.37,59.32,
U1641392,2023,3,18,19.31,56.8,
U1641392,2023,3,19,19.08,63.77,
U1641392,2023,3,20,19.43,64.75,
U1641392,2023,3,21,18.85,55.53,
U1641392,2023,3,22,19.21,58.19,649.86
U1641392,2023,3,23,19.07,58.02,
U1641392,2023,3,24,19.46,57.31,
U1641392,2023,3,25,20.54,61.61,
U1641392,2023,3,26,20.38,57.03,583.85
U1641392,2023,3,27,19.16,60.17,
U1641392,2023,3,28,20.4,54.74,716.04
U1641392,2023,3,29,18.88,60.7,
U1641392,2023,3,30,20.25,57.3,
U1641392,2023,3,31,19.24,57.74,
U954179688,2023,1,1,17.76,60.84,614.76
U954179688,2023,1,2,16.82,64.44,668.88
U954179688,2023,1,3,17.98,61.51,
U954179688,2023,1,4,17.74,61.2,713.33
U954179688,2023,1,5,17.73,61.09,
U954179688,2023,1,6,18.42,68.2,685.86
U954179688,2023,1,7,18.2,68.17,
U954179688,2023,1,8,17.86,59.21,
U954179688,2023,1,9,17.22,58.55,
U954179688,2023,1,10,17.63,,680.62
U954179688,2023,1,11,16.62,57.55,643.53
U954179688,2023,1,12,17.96,60.07,636.21
U954179688,2023,1,13,17.9,59.63,
U954179688,2023,1,14,16.78,59.85,586.04
U954179688,2023,1,15,17.59,60.86,661.65
U954179688,2023,1,16,17.32,67.54,549.89
U954179688,2023,1,17,17.02,65.16,647.34
U954179688,2023,1,18,18.27,60.12,
U954179688,2023,1,19,18.36,66.89,
U954179688,2023,1,20,17.16,54.68,
U954179688,2023,1,21,17.55,,618.19
U954179688,2023,1,22,18.12,63.41,734.09
U954179688,2023,1,23,16.72,62.42,588.48
U954179688,2023,1,24,16.71,60.23,542.52
U954179688,2023,1,25,17.6,60.06,594.44
U954179688,2023,1,26,17.36,60.76,
U954179688,2023,1,27,17.97,63.05,689.63
U954179688,2023,1,28,17.75,63.35,
U954179688,2023,1,29,17.74,63.88,
U954179688,2023,1,30,16.94,58.94,532.78
U954179688,2023,1,31,17.12,59.28,642.62
U954179688,2023,2,1,19.43,64.85,
U954179688,2023,2,2,17.63,65.11,588.27
U954179688,2023,2,3,18.05,65.08,704.94
U954179688,2023,2,4,16.87,64.99,692.02
U954179688,2023,2,5,18.83,62.68,609.87
U954179688,2023,2,6,17.93,58.36,733.76
U954179688,2023,2,7,16.73,59.34,574.23
U954179688,2023,2,8,18.31,64.21,634.6
U954179688,2023,2,9,18.05,59.39,701.56
U954179688,2023,2,10,18.71,64.25,652.68
U954179688,2023,2,11,18.44,63.19,707.39
U954179688,2023,2,12,18.12,63.03,
U954179688,2023,2,13,16.88,61.83,698.81
U954179688,2023,2,14,17.64,60.66,
U954179688,2023,2,15,18.32,56.84,
U954179688,2023,2,16,17.78,59.62,614.93
U954179688,2023,2,17,18.21,56.55,682.44
U954179688,2023,2,18,17.19,59.7,612.31
U954179688,2023,2,19,17.84,61.99,654.96
U954179688,2023,2,20,17.23,59.98,
U954179688,2023,2,21,17.57,65.62,560.44
U954179688,2023,2,22,16.82,59.83,756.06
U954179688,2023,2,23,17.21,65.06,572.81
U954179688,2023,2,24,17.48,62.18,
U954179688,2023,2,25,18.16,65.13,633.87
U954179688,2023,2,26,17.76,62.7,
U954179688,2023,2,27,18.17,63.9,657.3
U954179688,2023,2,28,18.22,61.49,
U954179688,2023,3,1,18.32,57.01,661.93
U954179688,2023,3,2,18.27,63.24,660.99
U954179688,2023,3,3,17.41,60.2,625.81
U954179688,2023,3,4,19.34,60.99,
U954179688,2023,3,5,17.84,61.75,698.35
U954179688,2023,3,6,18.11,62.09,
U954179688,2023,3,7,19.06,63.18,
U954179688,2023,3,8,17.79,59.4,647.22
U954179688,2023,3,9,18.49,59.33,639.7
U954179688,2023,3,10,,62.89,717.56
U954179688,2023,3,11,19.24,59.49,750.67
U954179688,2023,3,12,18.1,61.34,595.96
U954179688,2023,3,13,18.17,,553.96
U954179688,2023,3,14,19.14,,651.33
U954179688,2023,3,15,18.92,63.09,565.96
U954179688,2023,3,16,19.14,55.59,654.18
U954179688,2023,3,17,18.69,63.69,
U954179688,2023,3,18,17.77,61.45,
U954179688,2023,3,19,17.69,64.32,680.9
U954179688,2023,3,20,18.65,65.39,
U954179688,2023,3,21,19.19,58.07,
U954179688,2023,3,22,18.26,62.11,637.41
U954179688,2023,3,23,18.49,56.27,652.69
U954179688,2023,3,24,18.33,56.86,544.19
U954179688,2023,3,25,17.74,62.38,521.37
U954179688,2023,3,26,17.46,60.7,633.74
U954179688,2023,3,27,19.88,62.03,653.7
U954179688,2023,3,28,18.23,60.22,660.61
U954179688,2023,3,29,18.31,60.6,557.0
U954179688,2023,3,30,18.17,59.47,
U954179688,2023,3,31,18.53,62.14,661.76
U3713136,2023,1,1,16.88,62.87,
U3713136,2023,1,2,16.69,59.95,764.97
U3713136,2023,1,3,16.92,66.79,620.52
U3713136,2023,1,4,17.24,64.29,626.81
U3713136,2023,1,5,17.2,58.57,
U3713136,2023,1,6,18.01,60.25,659.24
U3713136,2023,1,7,17.7,58.28,636.64
U3713136,2023,1,8,17.46,58.41,
U3713136,2023,1,9,17.58,61.59,607.81
U3713136,2023,1,10,17.0,62.57,704.12
U3713136,2023,1,11,18.33,68.63,588.56
U3713136,2023,1,12,18.36,58.57,
U3713136,2023,1,13,17.6,,688.51
U3713136,2023,1,14,17.59,58.04,
U3713136,2023,1,15,17.63,61.54,665.38
U3713136,2023,1,16,18.84,65.04,762.67
U3713136,2023,1,17,17.87,54.24,650.24
U3713136,2023,1,18,17.73,63.6,671.37
U3713136,2023,1,19,17.92,65.51,604.28
U3713136,2023,1,20,17.78,57.23,554.75
U3713136,2023,1,21,16.81,61.47,
U3713136,2023,1,22,18.08,56.71,635.83
U3713136,2023,1,23,19.54,61.6,619.15
U3713136,2023,1,24,18.47,60.49,721.24
U3713136,2023,1,25,16.99,66.34,653.12
U3713136,2023,1,26,17.56,66.31,
U3713136,2023,1,27,18.13,61.85,603.71
U3713136,2023,1,28,17.69,63.98,601.23
U3713136,2023,1,29,16.98,58.93,
U3713136,2023,1,30,17.22,58.11,
U3713136,2023,1,31,18.37,63.55,679.97
U3713136,2023,2,1,16.41,64.62,655.26
U3713136,2023,2,2,17.26,55.7,
U3713136,2023,2,3,17.7,63.15,
U3713136,2023,2,4,18.53,62.52,619.27
U3713136,2023,2,5,17.72,59.86,640.49
U3713136,2023,2,6,17.27,57.31,655.63
U3713136,2023,2,7,18.65,62.88,714.8
U3713136,2023,2,8,17.05,58.43,730.77
U3713136,2023,2,9,18.66,64.74,612.02
U3713136,2023,2,10,18.85,62.79,614.74
U3713136,2023,2,11,19.08,65.34,648.32
U3713136,2023,2,12,16.91,65.23,637.45
U3713136,2023,2,13,18.26,61.28,
U3713136,2023,2,14,18.0,59.47,734.35
U3713136,2023,2,15,17.11,63.98,679.05
U3713136,2023,2,16,18.36,62.28,649.48
U3713136,2023,2,17,17.56,57.56,
U3713136,2023,2,18,17.67,55.01,714.15
U3713136,2023,2,19,17.82,61.9,557.01
U3713136,2023,2,20,17.74,61.05,606.34
U3713136,2023,2,21,18.03,59.09,
U3713136,2023,2,22,18.09,58.92,
U3713136,2023,2,23,17.23,58.69,632.03
U3713136,2023,2,24,18.03,60.78,732.05
U3713136,2023,2,25,18.55,57.08,613.08
U3713136,2023,2,26,17.86,62.97,691.13
U3713136,2023,2,27,17.9,64.26,595.74
U3713136,2023,2,28,18.43,61.91,623.88
U3713136,2023,3,1,18.73,63.75,
U3713136,2023,3,2,18.73,63.83,746.63
U3713136,2023,3,3,18.58,56.93,
U3713136,2023,3,4,18.89,60.72,735.51
U3713136,2023,3,5,17.43,61.4,680.68
U3713136,2023,3,6,18.21,61.95,698.92
U3713136,2023,3,7,,64.78,680.72
U3713136,2023,3,8,18.16,62.39,
U3713136,2023,3,9,17.48,59.63,691.37
U3713136,2023,3,10,19.01,59.6,
U3713136,2023,3,11,17.6,64.39,616.77
U3713136,2023,3,12,18.32,61.84,647.18
U3713136,2023,3,13,17.67,66.04,
U3713136,2023,3,14,17.97,58.16,602.93
U3713136,2023,3,15,18.29,,
U3713136,2023,3,16,20.03,57.66,672.02
U3713136,2023,3,17,17.85,56.8,514.54
U3713136,2023,3,18,18.86,61.55,688.9
U3713136,2023,3,19,19.45,61.57,517.76
U3713136,2023,3,20,17.26,58.79,
U3713136,2023,3,21,17.97,62.34,
U3713136,2023,3,22,18.84,60.26,602.35
U3713136,2023,3,23,19.45,53.88,
U3713136,2023,3,24,18.65,66.64,562.61
U3713136,2023,3,25,18.88,61.22,684.43
U3713136,2023,3,26,18.28,61.5,
U3713136,2023,3,27,18.18,57.73,
U3713136,2023,3,28,19.03,63.49,577.66
U3713136,2023,3,29,19.34,63.99,643.0
U3713136,2023,3,30,,59.76,656.38
U3713136,2023,3,31,18.7,59.68,696.55
78 thornhaven avenue,2023,1,1,18.0,59.36,
78 thornhaven avenue,2023,1,2,17.37,64.58,
78 thornhaven avenue,2023,1,3,17.62,63.06,
78 thornhaven avenue,2023,1,4,17.46,62.49,
78 thornhaven avenue,2023,1,5,17.44,64.01,517.62
78 thornhaven avenue,2023,1,6,17.76,59.8,709.11
78 thornhaven avenue,2023,1,7,17.14,61.12,564.97
78 thornhaven avenue,2023,1,8,16.88,64.4,657.11
78 thornhaven avenue,2023,1,9,18.42,59.77,623.4
78 thornhaven avenue,2023,1,10,17.01,66.22,646.17
78 thornhaven avenue,2023,1,11,16.72,64.98,728.85
78 thornhaven avenue,2023,1,12,16.81,59.83,691.3
78 thornhaven avenue,2023,1,13,17.36,62.24,
78 thornhaven avenue,2023,1,14,18.16,62.45,585.5
78 thornhaven avenue,2023,1,15,16.94,63.53,654.34
78 thornhaven avenue,2023,1,16,18.29,59.81,
78 thornhaven avenue,2023,1,17,17.44,62.82,622.89
78 thornhaven avenue,2023,1,18,16.81,65.26,
78 thornhaven avenue,2023,1,19,17.45,59.87,
78 thornhaven avenue,2023,1,20,18.85,59.84,595.1
78 thornhaven avenue,2023,1,21,17.33,62.53,643.19
78 thornhaven avenue,2023,1,22,17.72,68.06,608.6
78 thornhaven avenue,2023,1,23,17.26,57.95,610.06
78 thornhaven avenue,2023,1,24,16.66,64.41,643.98
78 thornhaven avenue,2023,1,25,16.1,58.61,
78 thornhaven avenue,2023,1,26,16.17,60.08,630.29
78 thornhaven avenue,2023,1,27,,62.35,675.08
78 thornhaven avenue,2023,1,28,17.09,60.6,634.02
78 thornhaven avenue,2023,1,29,18.16,55.94,625.21
78 thornhaven avenue,2023,1,30,17.66,62.15,643.99
78 thornhaven avenue,2023,1,31,17.72,61.45,720.12
78 thornhaven avenue,2023,2,1,17.76,63.86,687.83
78 thornhaven avenue,2023,2,2,17.14,60.92,660.15
78 thornhaven avenue,2023,2,3,18.09,62.05,607.4
78 thornhaven avenue,2023,2,4,17.13,59.51,603.8
78 thornhaven avenue,2023,2,5,17.45,62.85,648.3
78 thornhaven avenue,2023,2,6,16.43,60.22,626.48
78 thornhaven avenue,2023,2,7,17.44,65.19,612.13
78 thornhaven avenue,2023,2,8,17.68,59.23,511.15
78 thornhaven avenue,2023,2,9,17.55,68.16,645.6
78 thornhaven avenue,2023,2,10,17.5,57.54,675.22
78 thornhaven avenue,2023,2,11,,64.49,581.7
78 thornhaven avenue,2023,2,12,17.15,63.77,
78 thornhaven avenue,2023,2,13,17.03,61.2,586.49
78 thornhaven avenue,2023,2,14,18.24,61.6,549.65
78 thornhaven avenue,2023,2,15,16.91,,
78 thornhaven avenue,2023,2,16,17.82,58.66,685.78
78 thornhaven avenue,2023,2,17,17.91,64.79,588.05
78 thornhaven avenue,2023,2,18,17.59,60.37,533.31
78 thornhaven avenue,2023,2,19,17.42,56.19,658.9
78 thornhaven avenue,2023,2,20,17.53,61.63,701.28
78 thornhaven avenue,2023,2,21,17.84,63.86,575.74
78 thornhaven avenue,2023,2,22,17.34,64.99,710.26
78 thornhaven avenue,2023,2,23,17.98,61.18,734.52
78 thornhaven avenue,2023,2,24,18.02,60.1,580.65
78 thornhaven avenue,2023,2,25,17.68,63.06,
78 thornhaven avenue,2023,2,26,16.95,62.35,692.34
78 thornhaven avenue,2023,2,27,16.63,66.47,
78 thornhaven avenue,2023,2,28,18.42,62.52,746.99
78 thornhaven avenue,2023,3,1,18.58,60.48,507.82
78 thornhaven avenue,2023,3,2,17.31,59.22,788.72
78 thornhaven avenue,2023,3,3,18.9,60.01,630.85
78 thornhaven avenue,2023,3,4,18.97,60.89,633.05
78 thornhaven avenue,2023,3,5,17.53,64.91,645.05
78 thornhaven avenue,2023,3,6,18.16,,
78 thornhaven avenue,2023,3,7,18.55,59.63,681.88
78 thornhaven avenue,2023,3,8,18.58,58.86,603.45
78 thornhaven avenue,2023,3,9,17.91,56.51,625.22
78 thornhaven avenue,2023,3,10,17.78,58.39,
78 thornhaven avenue,2023,3,11,18.46,59.54,
78 thornhaven avenue,2023,3,12,18.01,,619.93
78 thornhaven avenue,2023,3,13,18.77,62.33,651.86
78 thornhaven avenue,2023,3,14,17.76,66.75,647.05
78 thornhaven avenue,2023,3,15,18.63,59.2,658.78
78 thornhaven avenue,2023,3,16,19.3,63.12,590.62
78 thornhaven avenue,2023,3,17,18.64,53.25,
78 thornhaven avenue,2023,3,18,18.44,59.54,684.25
78 thornhaven avenue,2023,3,19,17.62,59.55,517.4
78 thornhaven avenue,2023,3,20,18.89,61.63,531.58
78 thornhaven avenue,2023,3,21,17.62,64.1,737.41
78 thornhaven avenue,2023,3,22,16.89,62.79,650.18
78 thornhaven avenue,2023,3,23,17.27,61.42,539.62
78 thornhaven avenue,2023,3,24,17.18,57.53,665.15
78 thornhaven avenue,2023,3,25,17.7,60.18,682.26
78 thornhaven avenue,2023,3,26,18.12,58.42,
78 thornhaven avenue,2023,3,27,18.55,69.69,626.39
78 thornhaven avenue,2023,3,28,17.67,62.25,
78 thornhaven avenue,2023,3,29,17.22,62.19,648.67
78 thornhaven avenue,2023,3,30,17.69,62.56,586.1
78 thornhaven avenue,2023,3,31,18.04,58.23,647.18
U1183557,2023,1,1,17.3,59.1,
U1183557,2023,1,2,17.84,56.24,625.91
U1183557,2023,1,3,17.94,55.41,
U1183557,2023,1,4,18.59,62.26,597.16
U1183557,2023,1,5,18.28,62.42,682.22
U1183557,2023,1,6,18.47,60.99,613.36
U1183557,2023,1,7,17.73,59.52,577.37
U1183557,2023,1,8,18.11,62.86,509.21
U1183557,2023,1,9,17.72,62.54,631.89
U1183557,2023,1,10,18.52,63.2,628.04
U1183557,2023,1,11,18.02,59.84,724.25
U1183557,2023,1,12,18.41,,628.63
U1183557,2023,1,13,18.26,60.01,
U1183557,2023,1,14,18.06,63.69,666.62
U1183557,2023,1,15,17.38,57.84,
U1183557,2023,1,16,18.52,61.07,740.23
U1183557,2023,1,17,17.31,59.5,623.31
U1183557,2023,1,18,18.62,56.99,688.97
U1183557,2023,1,19,18.69,,
U1183557,2023,1,20,17.53,60.81,657.37
U1183557,2023,1,21,17.66,61.22,
U1183557,2023,1,22,17.09,57.4,581.35
U1183557,2023,1,23,17.65,63.23,
U1183557,2023,1,24,18.27,62.26,538.54
U1183557,2023,1,25,18.06,59.71,632.29
U1183557,2023,1,26,17.27,54.27,692.27
U1183557,2023,1,27,17.86,60.17,625.29
U1183557,2023,1,28,18.55,59.12,
U1183557,2023,1,29,18.87,65.89,539.76
U1183557,2023,1,30,17.18,59.55,608.35
U1183557,2023,1,31,18.35,63.55,682.2
U1183557,2023,2,1,17.84,61.16,639.74
U1183557,2023,2,2,18.23,59.22,567.77
U1183557,2023,2,3,17.7,61.65,
U1183557,2023,2,4,19.37,,647.41
U1183557,2023,2,5,,60.98,622.17
U1183557,2023,2,6,17.71,59.94,622.99
U1183557,2023,2,7,19.38,56.99,736.45
U1183557,2023,2,8,18.2,55.91,
U1183557,2023,2,9,18.58,63.32,716.27
U1183557,2023,2,10,17.66,63.74,622.82
U1183557,2023,2,11,19.24,66.01,
U1183557,2023,2,12,17.45,58.92,615.99
U1183557,2023,2,13,17.54,58.27,662.36
U1183557,2023,2,14,17.43,61.59,617.34
U1183557,2023,2,15,18.63,62.76,
U1183557,2023,2,16,18.43,59.07,
U1183557,2023,2,17,18.43,63.28,651.04
U1183557,2023,2,18,18.63,62.11,
U1183557,2023,2,19,18.0,67.44,709.59
U1183557,2023,2,20,17.93,58.89,615.12
U1183557,2023,2,21,18.85,59.92,699.6
U1183557,2023,2,22,17.4,64.08,742.12
U1183557,2023,2,23,17.85,59.97,578.9
U1183557,2023,2,24,19.66,64.62,696.37
U1183557,2023,2,25,18.02,57.24,693.38
U1183557,2023,2,26,17.65,62.03,625.56
U1183557,2023,2,27,18.06,61.04,
U1183557,2023,2,28,18.98,60.61,691.0
U1183557,2023,3,1,18.35,58.57,
U1183557,2023,3,2,18.15,59.15,
U1183557,2023,3,3,19.28,62.14,668.71
U1183557,2023,3,4,,61.22,662.53
U1183557,2023,3,5,17.31,60.15,616.97
U1183557,2023,3,6,18.86,62.43,
U1183557,2023,3,7,19.04,62.62,640.37
U1183557,2023,3,8,17.83,60.46,
U1183557,2023,3,9,18.41,60.52,537.62
U1183557,2023,3,10,18.6,63.09,646.11
U1183557,2023,3,11,19.56,61.66,
U1183557,2023,3,12,19.22,67.13,634.96
U1183557,2023,3,13,18.49,,709.2
U1183557,2023,3,14,19.41,63.25,
U1183557,2023,3,15,19.09,59.69,606.85
U1183557,2023,3,16,19.06,57.46,
U1183557,2023,3,17,19.08,60.45,571.54
U1183557,2023,3,18,18.41,62.92,705.05
U1183557,2023,3,19,18.19,58.5,654.51
U1183557,2023,3,20,19.16,62.06,580.16
U1183557,2023,3,21,19.33,57.27,
U1183557,2023,3,22,19.01,52.93,615.07
U1183557,2023,3,23,19.32,59.38,
U1183557,2023,3,24,17.78,60.04,
U1183557,2023,3,25,18.72,62.23,601.18
U1183557,2023,3,26,18.66,57.91,632.91
U1183557,2023,3,27,18.69,55.59,634.19
U1183557,2023,3,28,18.91,57.97,
U1183557,2023,3,29,18.54,59.53,620.57
U1183557,2023,3,30,18.87,59.8,630.71
U1183557,2023,3,31,18.77,67.22,669.05
U321861,2023,1,1,17.58,60.7,
U321861,2023,1,2,18.01,56.18,613.92
U321861,2023,1,3,18.13,62.14,
U321861,2023,1,4,18.2,57.71,
U321861,2023,1,5,17.25,66.43,
U321861,2023,1,6,17.18,61.87,
U321861,2023,1,7,18.02,57.55,
U321861,2023,1,8,18.32,56.89,
U321861,2023,1,9,18.51,55.09,
U321861,2023,1,10,,61.85,
U321861,2023,1,11,17.67,60.61,
U321861,2023,1,12,17.07,54.05,
U321861,2023,1,13,18.32,64.11,552.42
U321861,2023,1,14,17.44,,655.34
U321861,2023,1,15,18.54,67.42,
U321861,2023,1,16,18.7,59.55,651.41
U321861,2023,1,17,17.91,59.94,
U321861,2023,1,18,19.24,60.64,
U321861,2023,1,19,17.38,65.15,
U321861,2023,1,20,18.61,59.25,
U321861,2023,1,21,18.63,62.27,
U321861,2023,1,22,18.24,62.95,
U321861,2023,1,23,18.52,68.98,564.77
U321861,2023,1,24,17.67,55.37,
U321861,2023,1,25,18.2,61.99,617.22
U321861,2023,1,26,,66.26,
U321861,2023,1,27,18.1,56.3,
U321861,2023,1,28,17.88,62.1,
U321861,2023,1,29,17.58,60.09,
U321861,2023,1,30,18.55,,583.58
U321861,2023,1,31,17.99,59.69,
U321861,2023,2,1,17.83,63.22,
U321861,2023,2,2,18.47,60.91,
U321861,2023,2,3,19.07,65.12,
U321861,2023,2,4,17.92,60.34,
U321861,2023,2,5,18.61,57.49,
U321861,2023,2,6,17.56,57.84,
U321861,2023,2,7,17.95,57.56,
U321861,2023,2,8,18.15,55.92,737.39
U321861,2023,2,9,19.33,67.69,
U321861,2023,2,10,18.64,63.09,675.58
U321861,2023,2,11,18.6,56.81,620.48
U321861,2023,2,12,18.5,58.06,
U321861,2023,2,13,18.85,,
U321861,2023,2,14,18.5,56.98,
U321861,2023,2,15,19.83,59.4,
U321861,2023,2,16,18.37,54.7,
U321861,2023,2,17,18.78,58.78,
U321861,2023,2,18,18.27,62.32,
U321861,2023,2,19,18.43,63.33,
U321861,2023,2,20,18.28,61.78,
U321861,2023,2,21,17.91,,
U321861,2023,2,22,18.84,63.21,
U321861,2023,2,23,,60.71,
U321861,2023,2,24,17.91,,
U321861,2023,2,25,17.94,63.6,582.92
U321861,2023,2,26,18.7,59.76,
U321861,2023,2,27,17.21,61.96,
U321861,2023,2,28,18.39,59.45,723.55
U321861,2023,3,1,18.8,54.68,651.16
U321861,2023,3,2,19.78,60.39,591.97
U321861,2023,3,3,18.47,,
U321861,2023,3,4,19.26,58.32,
U321861,2023,3,5,18.5,56.91,
U321861,2023,3,6,18.64,56.24,597.86
U321861,2023,3,7,19.3,60.88,
U321861,2023,3,8,19.11,59.71,
U321861,2023,3,9,18.34,59.76,
U321861,2023,3,10,19.75,63.03,
U321861,2023,3,11,18.45,57.2,625.81
U321861,2023,3,12,19.59,63.51,
U321861,2023,3,13,19.71,62.85,
U321861,2023,3,14,19.46,61.33,
U321861,2023,3,15,18.77,62.83,
U321861,2023,3,16,18.87,,
U321861,2023,3,17,19.38,58.91,
U321861,2023,3,18,18.4,60.8,
U321861,2023,3,19,18.99,55.84,
U321861,2023,3,20,18.91,63.12,663.81
U321861,2023,3,21,19.29,62.51,
U321861,2023,3,22,19.2,62.38,
U321861,2023,3,23,19.16,57.83,
U321861,2023,3,24,18.31,58.0,512.34
U321861,2023,3,25,19.05,55.28,
U321861,2023,3,26,18.98,62.2,
U321861,2023,3,27,19.64,56.41,
U321861,2023,3,28,19.04,58.68,
U321861,2023,3,29,17.75,57.47,665.41
U321861,2023,3,30,19.11,56.86,
U321861,2023,3,31,18.88,59.66,524.04
U735244,2023,1,1,18.62,63.18,
U735244,2023,1,2,17.15,61.52,
U735244,2023,1,3,17.34,62.53,582.28
U735244,2023,1,4,16.39,61.82,
U735244,2023,1,5,17.26,63.36,614.59
U735244,2023,1,6,17.35,56.6,633.52
U735244,2023,1,7,17.09,61.84,719.57
U735244,2023,1,8,15.32,65.94,604.66
U735244,2023,1,9,16.34,66.05,706.61
U735244,2023,1,10,16.02,62.73,
U735244,2023,1,11,17.93,63.78,
U735244,2023,1,12,16.84,67.34,
U735244,2023,1,13,16.85,64.35,603.97
U735244,2023,1,14,16.77,65.44,
U735244,2023,1,15,18.03,56.86,773.14
U735244,2023,1,16,16.84,62.19,672.54
U735244,2023,1,17,18.04,61.59,622.82
U735244,2023,1,18,17.36,58.42,
U735244,2023,1,19,16.88,64.54,647.33
U735244,2023,1,20,17.09,65.83,637.4
U735244,2023,1,21,16.9,62.63,
U735244,2023,1,22,15.74,63.68,572.37
U735244,2023,1,23,17.91,64.56,697.63
U735244,2023,1,24,17.17,58.89,
U735244,2023,1,25,17.2,64.37,681.87
U735244,2023,1,26,17.7,59.73,
U735244,2023,1,27,17.21,64.47,
U735244,2023,1,28,18.22,59.57,
U735244,2023,1,29,16.89,60.56,537.79
U735244,2023,1,30,17.7,56.97,699.32
U735244,2023,1,31,17.54,55.56,
U735244,2023,2,1,17.56,59.57,669.41
U735244,2023,2,2,17.6,60.56,721.43
U735244,2023,2,3,17.94,64.94,721.17
U735244,2023,2,4,16.69,56.21,647.95
U735244,2023,2,5,16.68,66.24,
U735244,2023,2,6,17.51,65.07,661.14
U735244,2023,2,7,17.07,62.86,
U735244,2023,2,8,16.66,60.23,652.18
U735244,2023,2,9,17.38,61.88,
U735244,2023,2,10,16.87,62.62,628.98
U735244,2023,2,11,17.83,61.99,
U735244,2023,2,12,16.81,57.82,560.95
U735244,2023,2,13,17.87,66.67,569.22
U735244,2023,2,14,17.66,65.73,822.2
U735244,2023,2,15,17.61,59.47,
U735244,2023,2,16,17.04,70.35,
U735244,2023,2,17,16.42,64.82,
U735244,2023,2,18,17.59,66.88,657.87
U735244,2023,2,19,17.46,62.98,677.21
U735244,2023,2,20,17.09,,
U735244,2023,2,21,,62.33,
U735244,2023,2,22,17.7,52.92,640.57
U735244,2023,2,23,16.86,63.93,624.16
U735244,2023,2,24,17.8,57.46,
U735244,2023,2,25,17.45,61.4,631.82
U735244,2023,2,26,17.26,59.14,632.26
U735244,2023,2,27,17.97,66.36,
U735244,2023,2,28,16.73,68.43,
U735244,2023,3,1,17.33,60.57,604.78
U735244,2023,3,2,17.15,58.13,603.86
U735244,2023,3,3,17.3,60.53,660.74
U735244,2023,3,4,18.13,58.96,652.91
U735244,2023,3,5,17.21,59.13,668.68
U735244,2023,3,6,18.81,61.87,
U735244,2023,3,7,18.04,62.98,
U735244,2023,3,8,17.63,61.08,702.65
U735244,2023,3,9,,58.3,530.95
U735244,2023,3,10,18.21,59.79,666.34
U735244,2023,3,11,17.61,62.52,
U735244,2023,3,12,17.59,62.33,
U735244,2023,3,13,18.37,59.89,
U735244,2023,3,14,17.88,62.37,
U735244,2023,3,15,19.17,60.58,
U735244,2023,3,16,17.49,60.7,705.74
U735244,2023,3,17,17.44,56.31,617.99
U735244,2023,3,18,16.52,65.15,
U735244,2023,3,19,17.3,,570.57
U735244,2023,3,20,17.41,63.39,733.24
U735244,2023,3,21,16.83,54.69,687.87
U735244,2023,3,22,17.62,63.56,679.03
U735244,2023,3,23,17.67,64.17,708.2
U735244,2023,3,24,18.09,63.57,
U735244,2023,3,25,17.9,66.12,582.35
U735244,2023,3,26,17.92,60.6,685.25
U735244,2023,3,27,18.47,65.23,
U735244,2023,3,28,17.18,62.59,
U735244,2023,3,29,18.27,60.21,726.04
U735244,2023,3,30,17.53,59.76,630.59
U735244,2023,3,31,17.59,63.32,616.3
U904891,2023,1,1,18.32,61.84,
U904891,2023,1,2,17.58,61.69,
U904891,2023,1,3,17.38,65.68,
U904891,2023,1,4,18.47,60.17,815.39
U904891,2023,1,5,17.7,,
U904891,2023,1,6,17.94,59.13,
U904891,2023,1,7,18.26,62.38,
U904891,2023,1,8,17.8,59.58,576.82
U904891,2023,1,9,17.18,54.79,
U904891,2023,1,10,18.45,61.07,584.52
U904891,2023,1,11,17.76,54.49,
U904891,2023,1,12,17.74,60.48,
U904891,2023,1,13,18.09,59.12,
U904891,2023,1,14,17.71,56.57,
U904891,2023,1,15,19.23,60.04,650.95
U904891,2023,1,16,18.12,58.48,
U904891,2023,1,17,18.93,65.18,687.38
U904891,2023,1,18,19.16,59.62,683.36
U904891,2023,1,19,17.45,64.1,
U904891,2023,1,20,18.47,64.5,680.87
U904891,2023,1,21,18.68,54.37,
U904891,2023,1,22,18.77,58.08,665.92
U904891,2023,1,23,18.48,60.62,
U904891,2023,1,24,,66.14,
U904891,2023,1,25,17.58,62.07,
U904891,2023,1,26,18.88,64.03,666.71
U904891,2023,1,27,19.73,62.66,
U904891,2023,1,28,18.02,64.58,
U904891,2023,1,29,19.03,62.56,
U904891,2023,1,30,18.17,64.23,
U904891,2023,1,31,18.38,59.38,
U904891,2023,2,1,18.76,59.06,
U904891,2023,2,2,19.42,65.54,
U904891,2023,2,3,18.15,61.83,
U904891,2023,2,4,17.93,59.86,
U904891,2023,2,5,19.07,60.21,
U904891,2023,2,6,18.23,54.52,
U904891,2023,2,7,18.43,58.01,
U904891,2023,2,8,17.89,59.9,
U904891,2023,2,9,19.37,56.64,
U904891,2023,2,10,18.62,60.21,
U904891,2023,2,11,18.21,66.44,
U904891,2023,2,12,19.48,52.26,
U904891,2023,2,13,19.02,62.49,
U904891,2023,2,14,18.25,64.31,
U904891,2023,2,15,17.38,,
U904891,2023,2,16,17.99,58.17,
U904891,2023,2,17,19.01,58.07,
U904891,2023,2,18,18.07,59.77,
U904891,2023,2,19,18.67,57.03,
U904891,2023,2,20,19.21,60.07,539.42
U904891,2023,2,21,19.0,60.73,
U904891,2023,2,22,18.86,58.22,
U904891,2023,2,23,18.28,61.2,
U904891,2023,2,24,19.19,,
U904891,2023,2,25,18.71,,
U904891,2023,2,26,18.24,60.98,
U904891,2023,2,27,20.01,61.5,
U904891,2023,2,28,17.63,54.49,
U904891,2023,3,1,20.24,59.22,622.52
U904891,2023,3,2,19.58,55.56,
U904891,2023,3,3,19.47,57.66,
U904891,2023,3,4,18.53,57.07,
U904891,2023,3,5,19.31,60.47,
U904891,2023,3,6,20.71,60.5,
U904891,2023,3,7,19.51,55.01,
U904891,2023,3,8,19.82,62.14,
U904891,2023,3,9,19.99,64.26,
U904891,2023,3,10,17.64,57.68,
U904891,2023,3,11,18.7,60.18,
U904891,2023,3,12,18.84,60.16,
U904891,2023,3,13,19.22,54.76,
U904891,2023,3,14,19.5,56.94,
U904891,2023,3,15,19.75,59.79,
U904891,2023,3,16,18.41,63.72,
U904891,2023,3,17,19.5,58.92,563.23
U904891,2023,3,18,18.31,60.62,
U904891,2023,3,19,19.13,59.52,
U904891,2023,3,20,19.83,55.44,
U904891,2023,3,21,19.17,56.89,
U904891,2023,3,22,19.62,63.41,
U904891,2023,3,23,18.9,59.94,
U904891,2023,3,24,20.01,60.29,
U904891,2023,3,25,18.76,52.65,
U904891,2023,3,26,19.08,56.28,558.08
U904891,2023,3,27,,61.55,
U904891,2023,3,28,19.49,62.62,
U904891,2023,3,29,19.69,57.6,
U904891,2023,3,30,19.72,63.74,
U904891,2023,3,31,19.57,59.92,
U031190396,2023,1,1,16.13,62.32,663.94
U031190396,2023,1,2,17.05,66.66,
U031190396,2023,1,3,16.62,64.55,
U031190396,2023,1,4,16.64,59.52,
U031190396,2023,1,5,18.56,63.17,710.73
U031190396,2023,1,6,18.19,61.44,
U031190396,2023,1,7,17.61,59.09,668.3
U031190396,2023,1,8,16.88,64.05,
U031190396,2023,1,9,16.81,,549.38
U031190396,2023,1,10,17.48,60.92,571.14
U031190396,2023,1,11,,64.27,719.79
U031190396,2023,1,12,17.36,59.47,590.73
U031190396,2023,1,13,16.05,63.14,666.16
U031190396,2023,1,14,16.6,62.76,548.05
U031190396,2023,1,15,16.71,62.05,
U031190396,2023,1,16,17.16,63.38,635.25
U031190396,2023,1,17,17.28,60.48,
U031190396,2023,1,18,17.08,68.31,609.76
U031190396,2023,1,19,17.6,62.93,649.78
U031190396,2023,1,20,16.82,,574.57
U031190396,2023,1,21,17.76,61.5,
U031190396,2023,1,22,17.11,60.4,611.62
U031190396,2023,1,23,18.09,65.33,692.77
U031190396,2023,1,24,17.41,55.53,765.32
U031190396,2023,1,25,16.84,59.92,653.13
U031190396,2023,1,26,16.79,61.23,662.05
U031190396,2023,1,27,16.15,58.74,
U031190396,2023,1,28,18.03,63.25,
U031190396,2023,1,29,17.07,58.16,
U031190396,2023,1,30,17.05,59.58,655.07
U031190396,2023,1,31,16.8,63.8,631.83
U031190396,2023,2,1,17.87,63.17,672.8
U031190396,2023,2,2,16.28,64.67,556.25
U031190396,2023,2,3,17.27,58.26,724.81
U031190396,2023,2,4,16.57,67.25,
U031190396,2023,2,5,17.71,61.54,
U031190396,2023,2,6,17.45,60.11,707.56
U031190396,2023,2,7,17.42,60.42,673.71
U031190396,2023,2,8,17.39,62.96,607.61
U031190396,2023,2,9,17.2,62.03,718.6
U031190396,2023,2,10,17.58,59.72,745.54
U031190396,2023,2,11,17.36,57.7,575.44
U031190396,2023,2,12,17.17,62.95,
U031190396,2023,2,13,15.57,67.46,655.93
U031190396,2023,2,14,17.53,61.57,688.26
U031190396,2023,2,15,16.31,64.1,
U031190396,2023,2,16,17.14,71.16,632.64
U031190396,2023,2,17,17.06,61.05,630.62
U031190396,2023,2,18,17.02,64.09,684.19
U031190396,2023,2,19,16.73,62.77,608.44
U031190396,2023,2,20,16.27,57.99,625.22
U031190396,2023,2,21,17.44,60.27,
U031190396,2023,2,22,16.4,68.98,605.83
U031190396,2023,2,23,17.83,68.52,530.13
U031190396,2023,2,24,18.31,64.2,695.23
U031190396,2023,2,25,17.99,63.26,
U031190396,2023,2,26,18.22,62.07,600.89
U031190396,2023,2,27,17.06,62.09,561.62
U031190396,2023,2,28,,64.14,
U031190396,2023,3,1,16.76,64.59,541.63
U031190396,2023,3,2,18.83,62.89,663.62
U031190396,2023,3,3,18.51,65.24,673.27
U031190396,2023,3,4,17.75,64.62,588.5
U031190396,2023,3,5,17.67,55.18,588.72
U031190396,2023,3,6,17.56,58.24,659.36
U031190396,2023,3,7,17.8,67.67,
U031190396,2023,3,8,18.04,58.65,
U031190396,2023,3,9,18.08,63.13,
U031190396,2023,3,10,17.13,59.83,577.91
U031190396,2023,3,11,17.41,58.2,716.3
U031190396,2023,3,12,17.66,61.27,711.71
U031190396,2023,3,13,17.98,64.14,
U031190396,2023,3,14,18.37,56.73,
U031190396,2023,3,15,18.3,60.69,655.69
U031190396,2023,3,16,18.09,60.5,
U031190396,2023,3,17,18.4,61.11,598.31
U031190396,2023,3,18,17.71,54.92,
U031190396,2023,3,19,17.91,60.51,623.78
U031190396,2023,3,20,17.92,55.28,
U031190396,2023,3,21,17.53,67.08,
U031190396,2023,3,22,18.02,60.71,
U031190396,2023,3,23,18.08,62.21,677.97
U031190396,2023,3,24,17.25,64.52,677.22
U031190396,2023,3,25,17.03,61.56,617.88
U031190396,2023,3,26,16.87,54.34,
U031190396,2023,3,27,16.63,62.89,
U031190396,2023,3,28,17.96,,686.78
U031190396,2023,3,29,17.5,60.6,667.8
U031190396,2023,3,30,18.22,58.81,
U031190396,2023,3,31,17.89,60.37,627.12
24 mossden hill,2023,1,1,17.44,65.63,
24 mossden hill,2023,1,2,18.74,66.77,
24 mossden hill,2023,1,3,18.25,,
24 mossden hill,2023,1,4,16.85,63.42,
24 mossden hill,2023,1,5,17.69,61.36,
24 mossden hill,2023,1,6,16.06,64.16,
24 mossden hill,2023,1,7,17.99,64.22,
24 mossden hill,2023,1,8,17.71,56.83,644.78
24 mossden hill,2023,1,9,18.18,61.57,
24 mossden hill,2023,1,10,16.7,58.92,
24 mossden hill,2023,1,11,17.39,63.89,
24 mossden hill,2023,1,12,17.4,61.02,
24 mossden hill,2023,1,13,17.77,60.77,
24 mossden hill,2023,1,14,18.23,57.14,
24 mossden hill,2023,1,15,16.77,60.63,649.92
24 mossden hill,2023,1,16,17.61,55.84,778.05
24 mossden hill,2023,1,17,17.25,57.04,660.22
24 mossden hill,2023,1,18,17.28,57.31,
24 mossden hill,2023,1,19,17.55,67.74,518.29
24 mossden hill,2023,1,20,17.43,60.34,
24 mossden hill,2023,1,21,17.6,65.54,492.94
24 mossden hill,2023,1,22,18.04,63.26,720.71
24 mossden hill,2023,1,23,,63.22,
24 mossden hill,2023,1,24,16.65,61.33,651.86
24 mossden hill,2023,1,25,17.66,62.76,657.38
24 mossden hill,2023,1,26,17.52,57.09,
24 mossden hill,2023,1,27,16.96,60.04,572.39
24 mossden hill,2023,1,28,17.59,60.71,
24 mossden hill,2023,1,29,18.01,61.29,
24 mossden hill,2023,1,30,18.3,63.83,
24 mossden hill,2023,1,31,16.94,61.33,
24 mossden hill,2023,2,1,,57.21,797.27
24 mossden hill,2023,2,2,18.12,60.99,
24 mossden hill,2023,2,3,17.95,63.61,
24 mossden hill,2023,2,4,18.06,60.12,632.95
24 mossden hill,2023,2,5,17.01,64.68,683.17
24 mossden hill,2023,2,6,16.73,56.85,
24 mossden hill,2023,2,7,17.64,65.4,691.16
24 mossden hill,2023,2,8,18.31,,
24 mossden hill,2023,2,9,16.66,59.21,
24 mossden hill,2023,2,10,18.32,,
24 mossden hill,2023,2,11,19.56,60.76,
24 mossden hill,2023,2,12,17.45,60.36,
24 mossden hill,2023,2,13,18.39,62.72,
24 mossden hill,2023,2,14,17.32,59.3,555.58
24 mossden hill,2023,2,15,18.7,58.0,
24 mossden hill,2023,2,16,18.18,56.51,
24 mossden hill,2023,2,17,17.87,65.74,663.5
24 mossden hill,2023,2,18,18.0,58.11,
24 mossden hill,2023,2,19,17.11,67.06,
24 mossden hill,2023,2,20,17.52,,
24 mossden hill,2023,2,21,17.99,60.38,
24 mossden hill,2023,2,22,17.9,60.4,
24 mossden hill,2023,2,23,16.59,64.78,
24 mossden hill,2023,2,24,17.97,59.09,702.67
24 mossden hill,2023,2,25,17.9,59.77,659.46
24 mossden hill,2023,2,26,18.25,65.5,
24 mossden hill,2023,2,27,18.33,68.86,
24 mossden hill,2023,2,28,17.75,58.56,
24 mossden hill,2023,3,1,18.86,58.11,
24 mossden hill,2023,3,2,18.18,65.3,
24 mossden hill,2023,3,3,18.33,56.31,618.47
24 mossden hill,2023,3,4,18.05,58.4,
24 mossden hill,2023,3,5,19.04,59.32,
24 mossden hill,2023,3,6,18.89,62.47,654.83
24 mossden hill,2023,3,7,18.66,61.77,
24 mossden hill,2023,3,8,18.36,57.76,
24 mossden hill,2023,3,9,17.96,61.63,
24 mossden hill,2023,3,10,17.67,60.11,732.84
24 mossden hill,2023,3,11,18.46,68.89,750.55
24 mossden hill,2023,3,12,18.27,61.15,
24 mossden hill,2023,3,13,18.56,65.08,
24 mossden hill,2023,3,14,18.22,58.95,
24 mossden hill,2023,3,15,19.21,61.55,
24 mossden hill,2023,3,16,17.88,57.21,709.85
24 mossden hill,2023,3,17,,57.64,618.7
24 mossden hill,2023,3,18,18.16,69.73,
24 mossden hill,2023,3,19,18.36,63.59,
24 mossden hill,2023,3,20,18.44,58.04,561.19
24 mossden hill,2023,3,21,16.89,,
24 mossden hill,2023,3,22,17.78,59.39,
24 mossden hill,2023,3,23,18.51,56.63,673.54
24 mossden hill,2023,3,24,18.76,61.2,634.9
24 mossden hill,2023,3,25,18.14,59.42,
24 mossden hill,2023,3,26,18.99,58.67,607.9
24 mossden hill,2023,3,27,18.53,57.64,
24 mossden hill,2023,3,28,17.9,60.3,
24 mossden hill,2023,3,29,18.42,63.6,718.19
24 mossden hill,2023,3,30,18.34,67.25,
24 mossden hill,2023,3,31,18.25,59.19,
U678229542,2023,1,1,18.35,62.88,
U678229542,2023,1,2,16.59,60.1,613.53
U678229542,2023,1,3,18.09,60.96,721.44
U678229542,2023,1,4,16.46,61.0,
U678229542,2023,1,5,17.17,60.52,617.39
U678229542,2023,1,6,18.26,59.05,558.6
U678229542,2023,1,7,16.72,65.44,
U678229542,2023,1,8,16.83,56.99,556.93
U678229542,2023,1,9,18.58,63.04,
U678229542,2023,1,10,17.77,62.55,
U678229542,2023,1,11,16.85,62.19,658.62
U678229542,2023,1,12,17.51,,
U678229542,2023,1,13,18.75,59.53,623.19
U678229542,2023,1,14,17.92,60.24,
U678229542,2023,1,15,18.2,55.73,
U678229542,2023,1,16,17.47,62.95,699.53
U678229542,2023,1,17,17.44,60.8,716.92
U678229542,2023,1,18,18.2,59.03,477.21
U678229542,2023,1,19,16.96,63.21,
U678229542,2023,1,20,18.23,63.08,581.27
U678229542,2023,1,21,17.35,65.79,671.9
U678229542,2023,1,22,17.66,64.27,
U678229542,2023,1,23,17.52,65.11,
U678229542,2023,1,24,17.92,63.61,
U678229542,2023,1,25,18.42,58.44,685.7
U678229542,2023,1,26,18.72,61.48,577.53
U678229542,2023,1,27,17.1,59.21,
U678229542,2023,1,28,17.64,63.39,504.41
U678229542,2023,1,29,17.99,60.26,541.3
U678229542,2023,1,30,17.29,62.58,622.11
U678229542,2023,1,31,17.67,62.62,782.01
U678229542,2023,2,1,17.65,58.91,644.72
U678229542,2023,2,2,17.79,59.91,669.46
U678229542,2023,2,3,18.42,64.95,
U678229542,2023,2,4,17.65,65.14,
U678229542,2023,2,5,17.02,60.48,
U678229542,2023,2,6,17.69,60.45,736.58
U678229542,2023,2,7,17.65,57.81,582.88
U678229542,2023,2,8,18.87,59.33,708.75
U678229542,2023,2,9,17.96,64.48,659.3
U678229542,2023,2,10,18.12,56.04,779.04
U678229542,2023,2,11,17.78,57.73,539.1
U678229542,2023,2,12,17.56,62.95,
U678229542,2023,2,13,18.65,64.1,755.99
U678229542,2023,2,14,18.13,61.16,734.43
U678229542,2023,2,15,,,
U678229542,2023,2,16,17.1,61.67,489.92
U678229542,2023,2,17,17.43,65.64,642.34
U678229542,2023,2,18,17.62,61.53,
U678229542,2023,2,19,17.07,62.61,
U678229542,2023,2,20,16.2,64.11,
U678229542,2023,2,21,18.24,70.05,722.08
U678229542,2023,2,22,17.13,58.08,
U678229542,2023,2,23,18.35,59.04,630.6
U678229542,2023,2,24,17.47,69.34,643.5
U678229542,2023,2,25,18.71,65.75,645.63
U678229542,2023,2,26,17.6,59.76,614.4
U678229542,2023,2,27,17.16,56.3,583.8
U678229542,2023,2,28,17.82,60.74,589.53
U678229542,2023,3,1,18.8,63.64,511.47
U678229542,2023,3,2,18.69,61.26,640.98
U678229542,2023,3,3,17.74,62.92,713.74
U678229542,2023,3,4,19.75,59.12,653.05
U678229542,2023,3,5,19.51,63.14,680.93
U678229542,2023,3,6,17.25,57.85,
U678229542,2023,3,7,18.59,60.69,
U678229542,2023,3,8,18.31,65.04,577.56
U678229542,2023,3,9,18.44,66.49,
U678229542,2023,3,10,18.96,59.74,606.19
U678229542,2023,3,11,18.6,66.81,648.13
U678229542,2023,3,12,19.35,59.22,651.39
U678229542,2023,3,13,18.27,61.55,660.16
U678229542,2023,3,14,18.67,57.79,593.45
U678229542,2023,3,15,16.22,64.04,697.14
U678229542,2023,3,16,19.02,65.77,662.35
U678229542,2023,3,17,18.01,62.15,561.83
U678229542,2023,3,18,18.37,63.36,
U678229542,2023,3,19,19.24,63.16,689.66
U678229542,2023,3,20,17.92,58.41,721.17
U678229542,2023,3,21,18.37,58.19,
U678229542,2023,3,22,18.71,61.81,
U678229542,2023,3,23,18.8,60.17,
U678229542,2023,3,24,18.91,61.03,
U678229542,2023,3,25,17.39,60.21,704.1
U678229542,2023,3,26,17.88,,
U678229542,2023,3,27,17.94,64.35,646.13
U678229542,2023,3,28,17.95,55.48,
U678229542,2023,3,29,18.34,56.17,510.75
U678229542,2023,3,30,17.94,61.19,506.5
U678229542,2023,3,31,18.89,61.46,543.86
91 salthorpe row,2023,1,1,18.08,67.25,582.77
91 salthorpe row,2023,1,2,18.9,60.71,
91 salthorpe row,2023,1,3,18.18,59.87,591.75
91 salthorpe row,2023,1,4,19.57,62.02,757.79
91 salthorpe row,2023,1,5,18.63,64.6,
91 salthorpe row,2023,1,6,18.3,66.55,675.85
91 salthorpe row,2023,1,7,17.86,62.25,638.75
91 salthorpe row,2023,1,8,18.27,57.56,591.67
91 salthorpe row,2023,1,9,18.33,62.11,497.66
91 salthorpe row,2023,1,10,19.13,56.13,
91 salthorpe row,2023,1,11,18.61,,
91 salthorpe row,2023,1,12,18.26,62.59,611.59
91 salthorpe row,2023,1,13,19.56,60.98,596.31
91 salthorpe row,2023,1,14,18.77,62.79,678.75
91 salthorpe row,2023,1,15,19.06,57.5,
91 salthorpe row,2023,1,16,18.18,62.13,
91 salthorpe row,2023,1,17,17.34,58.75,647.43
91 salthorpe row,2023,1,18,17.34,63.32,625.87
91 salthorpe row,2023,1,19,18.6,65.51,670.36
91 salthorpe row,2023,1,20,18.95,64.66,607.44
91 salthorpe row,2023,1,21,20.16,63.12,748.18
91 salthorpe row,2023,1,22,18.99,61.39,620.37
91 salthorpe row,2023,1,23,19.11,61.93,
91 salthorpe row,2023,1,24,18.97,58.57,675.11
91 salthorpe row,2023,1,25,19.21,59.06,717.55
91 salthorpe row,2023,1,26,18.36,55.43,655.55
91 salthorpe row,2023,1,27,18.07,60.29,567.22
91 salthorpe row,2023,1,28,19.31,59.6,
91 salthorpe row,2023,1,29,18.5,61.69,
91 salthorpe row,2023,1,30,18.67,62.2,
91 salthorpe row,2023,1,31,19.49,59.44,710.33
91 salthorpe row,2023,2,1,19.06,61.62,
91 salthorpe row,2023,2,2,17.94,61.73,690.51
91 salthorpe row,2023,2,3,18.8,62.45,517.21
91 salthorpe row,2023,2,4,20.08,61.97,577.1
91 salthorpe row,2023,2,5,18.92,58.95,604.54
91 salthorpe row,2023,2,6,19.56,60.44,702.07
91 salthorpe row,2023,2,7,18.4,59.45,696.61
91 salthorpe row,2023,2,8,18.51,60.27,
91 salthorpe row,2023,2,9,19.42,55.96,687.47
91 salthorpe row,2023,2,10,18.18,58.82,601.58
91 salthorpe row,2023,2,11,18.19,69.57,
91 salthorpe row,2023,2,12,18.74,62.78,
91 salthorpe row,2023,2,13,17.93,59.36,691.56
91 salthorpe row,2023,2,14,18.11,64.85,578.83
91 salthorpe row,2023,2,15,18.48,61.02,765.27
91 salthorpe row,2023,2,16,18.19,62.34,
91 salthorpe row,2023,2,17,18.94,57.81,595.79
91 salthorpe row,2023,2,18,18.74,62.91,594.47
91 salthorpe row,2023,2,19,19.96,61.6,
91 salthorpe row,2023,2,20,19.11,59.78,772.02
91 salthorpe row,2023,2,21,18.73,62.69,
91 salthorpe row,2023,2,22,18.61,64.1,
91 salthorpe row,2023,2,23,19.04,61.46,676.85
91 salthorpe row,2023,2,24,18.29,64.17,707.82
91 salthorpe row,2023,2,25,18.94,60.24,544.23
91 salthorpe row,2023,2,26,19.21,61.85,603.57
91 salthorpe row,2023,2,27,18.35,59.23,658.73
91 salthorpe row,2023,2,28,18.51,65.17,
91 salthorpe row,2023,3,1,18.94,55.34,705.74
91 salthorpe row,2023,3,2,18.52,59.93,600.6
91 salthorpe row,2023,3,3,20.0,55.09,592.0
91 salthorpe row,2023,3,4,19.32,58.42,
91 salthorpe row,2023,3,5,19.32,60.81,665.47
91 salthorpe row,2023,3,6,19.32,64.55,665.85
91 salthorpe row,2023,3,7,18.76,56.32,
91 salthorpe row,2023,3,8,20.14,64.77,629.63
91 salthorpe row,2023,3,9,19.02,58.94,
91 salthorpe row,2023,3,10,19.03,57.82,721.36
91 salthorpe row,2023,3,11,20.01,64.21,782.92
91 salthorpe row,2023,3,12,19.54,63.26,641.29
91 salthorpe row,2023,3,13,,,674.39
91 salthorpe row,2023,3,14,19.34,59.89,
91 salthorpe row,2023,3,15,19.63,56.11,614.37
91 salthorpe row,2023,3,16,19.34,56.67,683.05
91 salthorpe row,2023,3,17,19.29,51.26,564.96
91 salthorpe row,2023,3,18,20.12,56.43,
91 salthorpe row,2023,3,19,18.4,60.37,
91 salthorpe row,2023,3,20,19.77,,674.01
91 salthorpe row,2023,3,21,19.74,59.32,
91 salthorpe row,2023,3,22,18.54,54.45,609.91
91 salthorpe row,2023,3,23,19.13,56.43,
91 salthorpe row,2023,3,24,18.49,61.29,613.53
91 salthorpe row,2023,3,25,19.51,58.0,675.21
91 salthorpe row,2023,3,26,20.17,53.53,661.37
91 salthorpe row,2023,3,27,19.37,62.09,577.32
91 salthorpe row,2023,3,28,20.32,57.62,
91 salthorpe row,2023,3,29,,59.88,571.72
91 salthorpe row,2023,3,30,19.61,57.13,567.02
91 salthorpe row,2023,3,31,19.14,63.66,586.85
U643644,2023,1,1,18.11,63.65,665.52
U643644,2023,1,2,18.59,57.8,628.28
U643644,2023,1,3,18.26,60.64,608.96
U643644,2023,1,4,17.96,61.29,657.06
U643644,2023,1,5,17.87,61.51,592.23
U643644,2023,1,6,17.77,63.27,712.07
U643644,2023,1,7,18.18,57.45,
U643644,2023,1,8,18.1,61.62,619.81
U643644,2023,1,9,17.59,59.47,632.86
U643644,2023,1,10,17.39,,
U643644,2023,1,11,17.67,60.37,689.79
U643644,2023,1,12,17.79,60.65,
U643644,2023,1,13,18.32,,
U643644,2023,1,14,18.23,65.48,
U643644,2023,1,15,18.15,59.03,715.8
U643644,2023,1,16,17.89,55.4,602.44
U643644,2023,1,17,17.77,62.41,
U643644,2023,1,18,17.28,57.39,
U643644,2023,1,19,17.18,63.83,652.69
U643644,2023,1,20,17.04,61.76,
U643644,2023,1,21,17.7,71.36,
U643644,2023,1,22,17.47,60.19,607.24
U643644,2023,1,23,18.23,61.34,
U643644,2023,1,24,17.9,59.12,614.94
U643644,2023,1,25,16.86,57.72,
U643644,2023,1,26,17.97,66.17,647.26
U643644,2023,1,27,17.79,63.22,
U643644,2023,1,28,18.98,59.68,736.45
U643644,2023,1,29,17.46,58.97,674.2
U643644,2023,1,30,16.8,60.84,
U643644,2023,1,31,17.4,64.21,641.84
U643644,2023,2,1,17.41,60.55,611.84
U643644,2023,2,2,17.7,63.72,
U643644,2023,2,3,,62.35,584.9
U643644,2023,2,4,17.49,61.71,600.91
U643644,2023,2,5,18.53,63.46,641.8
U643644,2023,2,6,18.24,60.96,721.42
U643644,2023,2,7,19.03,65.59,712.01
U643644,2023,2,8,19.2,64.29,622.66
U643644,2023,2,9,17.59,58.91,736.23
U643644,2023,2,10,17.55,63.16,623.75
U643644,2023,2,11,17.03,53.9,
U643644,2023,2,12,17.91,,632.16
U643644,2023,2,13,17.08,59.25,
U643644,2023,2,14,17.95,59.76,588.7
U643644,2023,2,15,17.18,61.5,595.95
U643644,2023,2,16,18.09,60.62,
U643644,2023,2,17,18.15,63.85,
U643644,2023,2,18,17.96,59.7,614.48
U643644,2023,2,19,17.79,67.36,534.53
U643644,2023,2,20,16.48,60.45,
U643644,2023,2,21,17.22,59.92,
U643644,2023,2,22,17.41,56.46,593.86
U643644,2023,2,23,18.29,53.23,660.36
U643644,2023,2,24,17.48,57.52,645.05
U643644,2023,2,25,18.23,59.55,736.8
U643644,2023,2,26,17.31,60.7,760.14
U643644,2023,2,27,17.66,60.27,714.05
U643644,2023,2,28,18.21,63.45,
U643644,2023,3,1,18.98,57.34,610.17
U643644,2023,3,2,18.14,63.54,679.14
U643644,2023,3,3,17.6,63.09,
U643644,2023,3,4,18.26,59.13,637.67
U643644,2023,3,5,17.77,60.63,
U643644,2023,3,6,18.54,55.69,611.19
U643644,2023,3,7,19.13,60.49,674.85
U643644,2023,3,8,18.02,61.19,670.75
U643644,2023,3,9,17.87,61.09,690.33
U643644,2023,3,10,18.55,59.5,666.48
U643644,2023,3,11,18.45,61.97,538.4
U643644,2023,3,12,18.81,58.91,667.95
U643644,2023,3,13,18.71,58.56,661.21
U643644,2023,3,14,17.42,63.79,606.75
U643644,2023,3,15,17.9,62.67,619.38
U643644,2023,3,16,19.0,59.85,572.87
U643644,2023,3,17,18.44,61.19,648.7
U643644,2023,3,18,18.82,55.49,560.71
U643644,2023,3,19,18.79,59.42,
U643644,2023,3,20,19.8,64.99,
U643644,2023,3,21,19.41,66.01,611.99
U643644,2023,3,22,17.44,63.14,
U643644,2023,3,23,18.11,65.92,623.99
U643644,2023,3,24,18.05,,552.09
U643644,2023,3,25,19.25,62.97,667.65
U643644,2023,3,26,19.02,,
U643644,2023,3,27,18.91,62.79,687.85
U643644,2023,3,28,19.4,61.21,
U643644,2023,3,29,17.74,62.13,634.48
U643644,2023,3,30,18.63,56.04,
U643644,2023,3,31,19.37,58.95,599.4
90 aldwick way,2023,1,1,,59.63,
90 aldwick way,2023,1,2,18.19,62.08,
90 aldwick way,2023,1,3,16.76,58.1,663.57
90 aldwick way,2023,1,4,17.77,,
90 aldwick way,2023,1,5,,63.22,739.62
90 aldwick way,2023,1,6,18.01,53.62,606.8
90 aldwick way,2023,1,7,16.45,60.41,
90 aldwick way,2023,1,8,18.21,63.31,
90 aldwick way,2023,1,9,17.99,61.83,
90 aldwick way,2023,1,10,18.17,60.93,635.91
90 aldwick way,2023,1,11,18.44,62.4,549.16
90 aldwick way,2023,1,12,18.14,58.91,624.07
90 aldwick way,2023,1,13,18.75,59.05,722.23
90 aldwick way,2023,1,14,17.65,64.73,680.08
90 aldwick way,2023,1,15,19.4,,645.18
90 aldwick way,2023,1,16,17.07,62.98,547.35
90 aldwick way,2023,1,17,17.78,62.42,763.67
90 aldwick way,2023,1,18,17.41,63.69,624.13
90 aldwick way,2023,1,19,17.36,61.11,647.77
90 aldwick way,2023,1,20,17.35,58.29,603.8
90 aldwick way,2023,1,21,17.68,62.25,
90 aldwick way,2023,1,22,17.91,54.46,700.99
90 aldwick way,2023,1,23,17.68,68.62,619.88
90 aldwick way,2023,1,24,17.44,57.85,634.27
90 aldwick way,2023,1,25,17.13,59.87,
90 aldwick way,2023,1,26,17.61,61.96,639.7
90 aldwick way,2023,1,27,17.62,63.68,600.03
90 aldwick way,2023,1,28,18.45,64.87,618.24
90 aldwick way,2023,1,29,18.48,61.36,667.28
90 aldwick way,2023,1,30,16.96,66.38,718.2
90 aldwick way,2023,1,31,17.63,61.63,713.47
90 aldwick way,2023,2,1,18.17,57.9,619.23
90 aldwick way,2023,2,2,17.95,59.95,609.1
90 aldwick way,2023,2,3,17.89,67.48,625.91
90 aldwick way,2023,2,4,18.02,61.49,718.31
90 aldwick way,2023,2,5,17.93,58.07,583.88
90 aldwick way,2023,2,6,17.72,64.34,614.72
90 aldwick way,2023,2,7,17.2,66.3,
90 aldwick way,2023,2,8,17.8,57.42,
90 aldwick way,2023,2,9,17.5,61.82,561.17
90 aldwick way,2023,2,10,18.99,58.85,616.16
90 aldwick way,2023,2,11,17.34,58.46,743.91
90 aldwick way,2023,2,12,19.2,60.68,677.02
90 aldwick way,2023,2,13,17.03,60.48,672.62
90 aldwick way,2023,2,14,18.09,59.02,594.34
90 aldwick way,2023,2,15,18.25,61.29,
90 aldwick way,2023,2,16,17.39,60.53,627.53
90 aldwick way,2023,2,17,17.71,,683.55
90 aldwick way,2023,2,18,17.96,64.15,706.28
90 aldwick way,2023,2,19,18.61,59.98,696.13
90 aldwick way,2023,2,20,17.46,60.92,
90 aldwick way,2023,2,21,18.2,,
90 aldwick way,2023,2,22,18.11,64.44,638.99
90 aldwick way,2023,2,23,17.54,60.68,
90 aldwick way,2023,2,24,18.16,59.48,661.96
90 aldwick way,2023,2,25,18.04,61.88,627.6
90 aldwick way,2023,2,26,17.98,61.84,559.61
90 aldwick way,2023,2,27,18.19,55.12,706.59
90 aldwick way,2023,2,28,17.38,61.51,537.7
90 aldwick way,2023,3,1,19.05,55.78,610.21
90 aldwick way,2023,3,2,18.21,,
90 aldwick way,2023,3,3,18.35,58.82,751.83
90 aldwick way,2023,3,4,18.6,56.69,606.41
90 aldwick way,2023,3,5,17.86,60.1,664.3
90 aldwick way,2023,3,6,19.17,60.1,
90 aldwick way,2023,3,7,19.1,66.07,594.79
90 aldwick way,2023,3,8,17.86,55.47,581.25
90 aldwick way,2023,3,9,16.73,58.75,
90 aldwick way,2023,3,10,17.93,59.59,549.65
90 aldwick way,2023,3,11,18.95,61.96,
90 aldwick way,2023,3,12,18.86,62.61,625.47
90 aldwick way,2023,3,13,18.51,60.82,587.76
90 aldwick way,2023,3,14,18.68,69.05,
90 aldwick way,2023,3,15,18.22,,
90 aldwick way,2023,3,16,17.46,60.9,566.81
90 aldwick way,2023,3,17,18.27,62.65,644.48
90 aldwick way,2023,3,18,17.98,60.9,
90 aldwick way,2023,3,19,19.65,58.4,663.48
90 aldwick way,2023,3,20,18.63,,697.37
90 aldwick way,2023,3,21,18.15,61.69,672.06
90 aldwick way,2023,3,22,,59.99,750.41
90 aldwick way,2023,3,23,17.32,,740.69
90 aldwick way,2023,3,24,19.57,60.35,725.56
90 aldwick way,2023,3,25,18.36,65.12,
90 aldwick way,2023,3,26,17.51,64.19,695.1
90 aldwick way,2023,3,27,18.75,61.82,656.78
90 aldwick way,2023,3,28,18.76,58.83,573.98
90 aldwick way,2023,3,29,18.51,57.09,
90 aldwick way,2023,3,30,18.03,57.37,551.28
90 aldwick way,2023,3,31,17.66,59.3,630.57
27 ravenspur gdns,2023,1,1,18.35,60.19,
27 ravenspur gdns,2023,1,2,17.24,63.85,588.27
27 ravenspur gdns,2023,1,3,17.1,58.96,
27 ravenspur gdns,2023,1,4,17.48,58.7,
27 ravenspur gdns,2023,1,5,18.68,61.59,560.83
27 ravenspur gdns,2023,1,6,16.97,65.77,698.6
27 ravenspur gdns,2023,1,7,18.0,63.18,683.09
27 ravenspur gdns,2023,1,8,16.48,57.55,530.25
27 ravenspur gdns,2023,1,9,17.66,63.18,717.66
27 ravenspur gdns,2023,1,10,17.62,63.41,
27 ravenspur gdns,2023,1,11,16.8,61.55,668.82
27 ravenspur gdns,2023,1,12,18.48,59.76,
27 ravenspur gdns,2023,1,13,18.27,59.8,637.3
27 ravenspur gdns,2023,1,14,17.43,59.99,589.25
27 ravenspur gdns,2023,1,15,17.73,64.09,688.01
27 ravenspur gdns,2023,1,16,16.99,58.36,732.58
27 ravenspur gdns,2023,1,17,18.16,61.76,
27 ravenspur gdns,2023,1,18,18.08,62.25,
27 ravenspur gdns,2023,1,19,17.14,66.92,662.25
27 ravenspur gdns,2023,1,20,16.44,62.0,771.78
27 ravenspur gdns,2023,1,21,18.19,65.19,643.1
27 ravenspur gdns,2023,1,22,18.11,66.67,585.05
27 ravenspur gdns,2023,1,23,18.31,59.27,
27 ravenspur gdns,2023,1,24,17.78,62.7,684.57
27 ravenspur gdns,2023,1,25,17.94,63.58,591.9
27 ravenspur gdns,2023,1,26,16.96,63.53,
27 ravenspur gdns,2023,1,27,18.11,56.93,611.26
27 ravenspur gdns,2023,1,28,17.41,63.26,696.26
27 ravenspur gdns,2023,1,29,17.85,62.75,826.2
27 ravenspur gdns,2023,1,30,17.91,63.79,672.97
27 ravenspur gdns,2023,1,31,16.95,63.56,679.54
27 ravenspur gdns,2023,2,1,17.01,61.07,
27 ravenspur gdns,2023,2,2,17.29,58.6,702.43
27 ravenspur gdns,2023,2,3,17.61,67.19,629.45
27 ravenspur gdns,2023,2,4,,62.66,
27 ravenspur gdns,2023,2,5,18.08,60.96,631.07
27 ravenspur gdns,2023,2,6,18.41,63.28,775.67
27 ravenspur gdns,2023,2,7,17.11,60.54,624.34
27 ravenspur gdns,2023,2,8,18.25,62.97,609.45
27 ravenspur gdns,2023,2,9,17.49,57.7,662.58
27 ravenspur gdns,2023,2,10,18.05,58.92,621.81
27 ravenspur gdns,2023,2,11,18.22,63.1,598.52
27 ravenspur gdns,2023,2,12,17.61,62.72,693.55
27 ravenspur gdns,2023,2,13,16.58,57.11,
27 ravenspur gdns,2023,2,14,16.12,62.37,
27 ravenspur gdns,2023,2,15,18.19,57.09,738.5
27 ravenspur gdns,2023,2,16,16.76,61.7,695.15
27 ravenspur gdns,2023,2,17,16.79,63.6,
27 ravenspur gdns,2023,2,18,17.56,60.18,602.53
27 ravenspur gdns,2023,2,19,18.83,60.26,633.13
27 ravenspur gdns,2023,2,20,17.37,63.51,497.13
27 ravenspur gdns,2023,2,21,18.25,61.62,772.06
27 ravenspur gdns,2023,2,22,18.05,60.95,692.79
27 ravenspur gdns,2023,2,23,18.47,63.29,587.16
27 ravenspur gdns,2023,2,24,18.71,61.95,763.61
27 ravenspur gdns,2023,2,25,,60.46,693.68
27 ravenspur gdns,2023,2,26,18.16,64.02,564.43
27 ravenspur gdns,2023,2,27,17.64,64.7,
27 ravenspur gdns,2023,2,28,17.62,,522.7
27 ravenspur gdns,2023,3,1,18.95,60.71,
27 ravenspur gdns,2023,3,2,18.5,65.8,652.32
27 ravenspur gdns,2023,3,3,18.49,55.93,576.78
27 ravenspur gdns,2023,3,4,18.51,62.24,598.09
27 ravenspur gdns,2023,3,5,18.86,57.78,693.78
27 ravenspur gdns,2023,3,6,17.85,63.16,
27 ravenspur gdns,2023,3,7,18.19,67.06,
27 ravenspur gdns,2023,3,8,18.36,67.08,635.41
27 ravenspur gdns,2023,3,9,,60.45,597.05
27 ravenspur gdns,2023,3,10,18.45,57.8,607.34
27 ravenspur gdns,2023,3,11,19.34,63.73,641.37
27 ravenspur gdns,2023,3,12,18.97,62.65,695.71
27 ravenspur gdns,2023,3,13,18.71,60.44,466.46
27 ravenspur gdns,2023,3,14,18.56,58.91,
27 ravenspur gdns,2023,3,15,18.21,65.41,
27 ravenspur gdns,2023,3,16,19.67,59.06,661.21
27 ravenspur gdns,2023,3,17,19.26,57.48,
27 ravenspur gdns,2023,3,18,19.23,57.19,
27 ravenspur gdns,2023,3,19,18.21,56.4,
27 ravenspur gdns,2023,3,20,19.02,60.54,634.23
27 ravenspur gdns,2023,3,21,19.26,61.61,632.2
27 ravenspur gdns,2023,3,22,19.01,54.52,
27 ravenspur gdns,2023,3,23,18.96,53.24,
27 ravenspur gdns,2023,3,24,,61.11,646.94
27 ravenspur gdns,2023,3,25,18.45,62.17,704.51
27 ravenspur gdns,2023,3,26,19.04,,645.68
27 ravenspur gdns,2023,3,27,19.14,58.97,727.14
27 ravenspur gdns,2023,3,28,18.9,58.37,662.7
27 ravenspur gdns,2023,3,29,18.54,60.7,688.5
27 ravenspur gdns,2023,3,30,19.06,65.44,712.43
27 ravenspur gdns,2023,3,31,19.2,60.09,678.25
U9993899,2023,1,1,16.1,62.02,661.66
U9993899,2023,1,2,16.54,,
U9993899,2023,1,3,17.23,68.09,545.19
U9993899,2023,1,4,16.79,61.57,544.97
U9993899,2023,1,5,16.72,63.64,563.86
U9993899,2023,1,6,15.71,63.72,649.94
U9993899,2023,1,7,16.57,66.28,607.49
U9993899,2023,1,8,16.14,62.18,621.69
U9993899,2023,1,9,17.29,57.75,
U9993899,2023,1,10,18.05,62.08,
U9993899,2023,1,11,17.23,60.3,612.86
U9993899,2023,1,12,17.02,64.24,576.87
U9993899,2023,1,13,16.1,,746.15
U9993899,2023,1,14,16.36,63.7,634.72
U9993899,2023,1,15,16.94,62.74,
U9993899,2023,1,16,16.16,61.36,656.91
U9993899,2023,1,17,17.58,61.07,
U9993899,2023,1,18,16.8,63.23,630.08
U9993899,2023,1,19,16.52,60.29,595.28
U9993899,2023,1,20,16.85,63.49,
U9993899,2023,1,21,17.62,63.44,
U9993899,2023,1,22,16.63,68.44,
U9993899,2023,1,23,16.56,58.88,
U9993899,2023,1,24,16.91,63.89,609.14
U9993899,2023,1,25,17.07,61.06,630.5
U9993899,2023,1,26,16.74,59.83,708.31
U9993899,2023,1,27,17.4,63.43,595.19
U9993899,2023,1,28,16.76,62.63,673.53
U9993899,2023,1,29,18.31,57.68,631.33
U9993899,2023,1,30,17.24,63.63,606.52
U9993899,2023,1,31,16.88,60.51,
U9993899,2023,2,1,17.05,59.81,
U9993899,2023,2,2,17.17,60.53,
U9993899,2023,2,3,17.03,63.56,438.28
U9993899,2023,2,4,16.89,65.42,660.94
U9993899,2023,2,5,17.34,67.45,
U9993899,2023,2,6,16.19,64.07,630.37
U9993899,2023,2,7,17.25,60.9,632.89
U9993899,2023,2,8,17.78,66.89,
U9993899,2023,2,9,16.68,61.27,681.86
U9993899,2023,2,10,16.06,,597.84
U9993899,2023,2,11,16.06,67.74,539.03
U9993899,2023,2,12,18.05,64.13,674.36
U9993899,2023,2,13,17.12,60.78,
U9993899,2023,2,14,16.41,61.81,552.78
U9993899,2023,2,15,17.41,60.91,604.42
U9993899,2023,2,16,16.91,,
U9993899,2023,2,17,16.98,58.23,650.59
U9993899,2023,2,18,17.21,63.23,501.28
U9993899,2023,2,19,18.29,65.12,668.91
U9993899,2023,2,20,17.07,56.76,635.3
U9993899,2023,2,21,17.69,64.02,612.64
U9993899,2023,2,22,17.53,58.88,
U9993899,2023,2,23,,63.92,539.2
U9993899,2023,2,24,16.95,57.34,590.47
U9993899,2023,2,25,17.31,63.02,618.38
U9993899,2023,2,26,17.61,58.06,
U9993899,2023,2,27,16.78,68.14,706.25
U9993899,2023,2,28,17.64,66.27,
U9993899,2023,3,1,17.45,60.22,
U9993899,2023,3,2,16.9,,632.28
U9993899,2023,3,3,17.28,62.53,624.39
U9993899,2023,3,4,18.75,66.88,646.24
U9993899,2023,3,5,18.08,59.11,562.95
U9993899,2023,3,6,18.42,61.87,629.75
U9993899,2023,3,7,16.67,69.15,736.59
U9993899,2023,3,8,17.46,63.19,581.51
U9993899,2023,3,9,17.36,59.1,693.26
U9993899,2023,3,10,17.36,62.38,
U9993899,2023,3,11,17.42,60.95,771.4
U9993899,2023,3,12,17.64,58.81,
U9993899,2023,3,13,17.51,62.69,643.49
U9993899,2023,3,14,17.55,62.43,682.05
U9993899,2023,3,15,18.14,61.93,675.27
U9993899,2023,3,16,18.71,54.92,
U9993899,2023,3,17,17.56,62.65,664.66
U9993899,2023,3,18,18.61,61.54,602.45
U9993899,2023,3,19,17.52,59.61,650.57
U9993899,2023,3,20,,65.08,
U9993899,2023,3,21,17.4,62.5,675.38
U9993899,2023,3,22,17.41,63.46,
U9993899,2023,3,23,18.41,59.76,
U9993899,2023,3,24,17.43,64.46,663.64
U9993899,2023,3,25,17.71,63.29,
U9993899,2023,3,26,,63.59,692.11
U9993899,2023,3,27,17.4,61.18,632.98
U9993899,2023,3,28,16.82,60.27,
U9993899,2023,3,29,18.21,57.27,568.25
U9993899,2023,3,30,18.11,58.18,692.53
U9993899,2023,3,31,18.57,65.7,
78 mossden hill,2023,1,1,18.29,60.0,
78 mossden hill,2023,1,2,18.44,61.75,
78 mossden hill,2023,1,3,18.25,62.39,
78 mossden hill,2023,1,4,18.09,60.49,
78 mossden hill,2023,1,5,,60.5,
78 mossden hill,2023,1,6,19.6,58.36,
78 mossden hill,2023,1,7,18.93,58.94,
78 mossden hill,2023,1,8,17.99,61.75,
78 mossden hill,2023,1,9,18.52,55.77,
78 mossden hill,2023,1,10,19.41,62.57,
78 mossden hill,2023,1,11,18.19,55.52,
78 mossden hill,2023,1,12,18.41,,
78 mossden hill,2023,1,13,19.36,55.18,
78 mossden hill,2023,1,14,20.46,60.78,
78 mossden hill,2023,1,15,18.95,59.65,
78 mossden hill,2023,1,16,18.78,65.01,
78 mossden hill,2023,1,17,18.73,54.03,
78 mossden hill,2023,1,18,17.89,62.79,
78 mossden hill,2023,1,19,18.48,57.99,
78 mossden hill,2023,1,20,18.43,59.41,
78 mossden hill,2023,1,21,18.46,62.52,
78 mossden hill,2023,1,22,19.34,63.33,
78 mossden hill,2023,1,23,18.94,61.33,
78 mossden hill,2023,1,24,18.65,57.24,
78 mossden hill,2023,1,25,18.34,61.01,
78 mossden hill,2023,1,26,18.82,63.25,
78 mossden hill,2023,1,27,18.99,56.8,
78 mossden hill,2023,1,28,18.68,,
78 mossden hill,2023,1,29,18.26,60.49,
78 mossden hill,2023,1,30,19.37,58.72,
78 mossden hill,2023,1,31,18.36,61.84,
78 mossden hill,2023,2,1,19.4,55.58,
78 mossden hill,2023,2,2,19.32,61.45,
78 mossden hill,2023,2,3,18.85,56.9,
78 mossden hill,2023,2,4,19.43,60.57,
78 mossden hill,2023,2,5,18.86,57.53,
78 mossden hill,2023,2,6,18.8,59.44,
78 mossden hill,2023,2,7,19.1,63.73,
78 mossden hill,2023,2,8,,60.51,
78 mossden hill,2023,2,9,18.76,61.14,
78 mossden hill,2023,2,10,18.44,61.49,
78 mossden hill,2023,2,11,18.46,62.22,
78 mossden hill,2023,2,12,18.87,62.18,
78 mossden hill,2023,2,13,,61.2,
78 mossden hill,2023,2,14,19.22,59.89,
78 mossden hill,2023,2,15,18.13,61.83,
78 mossden hill,2023,2,16,19.3,57.48,
78 mossden hill,2023,2,17,19.16,61.43,
78 mossden hill,2023,2,18,19.55,63.27,
78 mossden hill,2023,2,19,18.44,63.51,
78 mossden hill,2023,2,20,19.11,54.42,
78 mossden hill,2023,2,21,19.49,69.36,
78 mossden hill,2023,2,22,18.47,58.75,
78 mossden hill,2023,2,23,19.6,61.16,
78 mossden hill,2023,2,24,18.86,61.99,
78 mossden hill,2023,2,25,18.96,57.46,
78 mossden hill,2023,2,26,19.23,57.46,639.94
78 mossden hill,2023,2,27,20.23,63.59,
78 mossden hill,2023,2,28,18.84,59.91,
78 mossden hill,2023,3,1,18.97,58.08,
78 mossden hill,2023,3,2,19.06,59.31,
78 mossden hill,2023,3,3,19.52,62.91,
78 mossden hill,2023,3,4,18.13,56.51,
78 mossden hill,2023,3,5,19.13,59.46,
78 mossden hill,2023,3,6,,60.32,
78 mossden hill,2023,3,7,19.36,59.53,
78 mossden hill,2023,3,8,19.49,68.01,
78 mossden hill,2023,3,9,20.3,62.38,
78 mossden hill,2023,3,10,19.48,56.91,
78 mossden hill,2023,3,11,19.79,59.72,650.8
78 mossden hill,2023,3,12,19.97,56.4,
78 mossden hill,2023,3,13,20.28,59.23,
78 mossden hill,2023,3,14,18.31,61.75,
78 mossden hill,2023,3,15,19.38,60.29,
78 mossden hill,2023,3,16,19.8,58.13,
78 mossden hill,2023,3,17,19.89,56.13,
78 mossden hill,2023,3,18,20.23,54.54,
78 mossden hill,2023,3,19,20.94,56.71,
78 mossden hill,2023,3,20,19.26,64.3,
78 mossden hill,2023,3,21,18.28,52.61,
78 mossden hill,2023,3,22,19.74,62.34,
78 mossden hill,2023,3,23,20.86,58.24,
78 mossden hill,2023,3,24,20.11,55.74,
78 mossden hill,2023,3,25,18.08,54.67,
78 mossden hill,2023,3,26,19.88,57.62,
78 mossden hill,2023,3,27,20.51,61.55,621.8
78 mossden hill,2023,3,28,18.36,63.34,
78 mossden hill,2023,3,29,19.14,57.42,
78 mossden hill,2023,3,30,20.25,63.14,
78 mossden hill,2023,3,31,19.93,,641.88
U682851,2023,1,1,17.51,60.03,
U682851,2023,1,2,17.8,58.99,649.08
U682851,2023,1,3,17.2,66.85,
U682851,2023,1,4,17.99,62.12,739.62
U682851,2023,1,5,17.2,65.7,630.48
U682851,2023,1,6,18.36,63.87,592.98
U682851,2023,1,7,18.44,59.4,688.53
U682851,2023,1,8,18.82,60.15,743.38
U682851,2023,1,9,18.32,63.05,598.37
U682851,2023,1,10,17.95,63.56,614.51
U682851,2023,1,11,17.58,56.61,541.9
U682851,2023,1,12,18.47,62.96,710.93
U682851,2023,1,13,17.53,56.04,652.41
U682851,2023,1,14,17.05,60.66,640.62
U682851,2023,1,15,17.98,60.86,
U682851,2023,1,16,17.26,62.58,641.58
U682851,2023,1,17,17.81,64.04,600.93
U682851,2023,1,18,17.31,55.47,
U682851,2023,1,19,18.44,62.7,
U682851,2023,1,20,18.26,58.27,
U682851,2023,1,21,17.5,59.58,
U682851,2023,1,22,,61.16,
U682851,2023,1,23,18.92,64.79,
U682851,2023,1,24,17.56,62.48,547.96
U682851,2023,1,25,18.32,63.02,
U682851,2023,1,26,18.41,59.52,645.27
U682851,2023,1,27,,62.02,648.37
U682851,2023,1,28,19.36,62.31,
U682851,2023,1,29,17.31,59.16,587.77
U682851,2023,1,30,18.61,58.05,642.06
U682851,2023,1,31,,54.08,605.55
U682851,2023,2,1,18.76,62.66,745.37
U682851,2023,2,2,18.11,,
U682851,2023,2,3,18.19,59.52,
U682851,2023,2,4,17.59,63.49,587.65
U682851,2023,2,5,17.19,56.18,
U682851,2023,2,6,17.94,60.79,
U682851,2023,2,7,18.2,59.88,
U682851,2023,2,8,18.62,59.86,
U682851,2023,2,9,17.98,60.89,491.59
U682851,2023,2,10,17.4,61.41,735.82
U682851,2023,2,11,18.45,61.99,681.81
U682851,2023,2,12,17.79,57.52,537.5
U682851,2023,2,13,18.67,55.97,
U682851,2023,2,14,18.43,59.54,686.89
U682851,2023,2,15,17.8,57.28,616.45
U682851,2023,2,16,17.34,61.84,641.4
U682851,2023,2,17,18.01,,579.77
U682851,2023,2,18,18.63,58.7,608.4
U682851,2023,2,19,18.19,,548.2
U682851,2023,2,20,18.48,59.9,
U682851,2023,2,21,18.16,58.33,616.57
U682851,2023,2,22,18.5,61.07,696.55
U682851,2023,2,23,18.67,59.48,
U682851,2023,2,24,,63.72,645.21
U682851,2023,2,25,17.77,59.73,
U682851,2023,2,26,18.78,54.98,654.74
U682851,2023,2,27,17.36,64.88,605.8
U682851,2023,2,28,17.79,66.96,691.18
U682851,2023,3,1,20.14,61.45,568.79
U682851,2023,3,2,18.98,58.6,644.74
U682851,2023,3,3,19.2,62.3,574.53
U682851,2023,3,4,18.41,64.42,629.53
U682851,2023,3,5,18.72,60.08,660.54
U682851,2023,3,6,18.2,59.42,
U682851,2023,3,7,19.07,61.12,647.96
U682851,2023,3,8,19.45,60.08,701.49
U682851,2023,3,9,,66.5,
U682851,2023,3,10,18.93,60.12,
U682851,2023,3,11,18.17,58.43,675.25
U682851,2023,3,12,18.59,63.01,
U682851,2023,3,13,18.45,59.8,
U682851,2023,3,14,19.09,54.39,
U682851,2023,3,15,17.72,59.41,557.27
U682851,2023,3,16,19.88,61.05,631.37
U682851,2023,3,17,18.8,58.71,684.35
U682851,2023,3,18,19.72,62.74,565.9
U682851,2023,3,19,18.16,59.96,
U682851,2023,3,20,19.52,60.23,
U682851,2023,3,21,19.49,56.5,559.65
U682851,2023,3,22,18.87,66.58,572.18
U682851,2023,3,23,18.79,66.48,695.55
U682851,2023,3,24,18.51,60.88,
U682851,2023,3,25,18.93,61.09,671.85
U682851,2023,3,26,20.03,62.29,666.92
U682851,2023,3,27,18.05,58.71,
U682851,2023,3,28,18.88,56.87,
U682851,2023,3,29,19.3,56.09,675.13
U682851,2023,3,30,19.95,54.7,659.18
U682851,2023,3,31,18.89,65.53,591.8
U76090905,2023,1,1,15.86,60.81,
U76090905,2023,1,2,17.57,67.64,578.83
U76090905,2023,1,3,16.8,56.55,
U76090905,2023,1,4,17.01,60.77,
U76090905,2023,1,5,16.86,62.99,
U76090905,2023,1,6,17.03,59.39,
U76090905,2023,1,7,16.28,58.95,499.35
U76090905,2023,1,8,18.31,57.8,
U76090905,2023,1,9,16.91,66.54,
U76090905,2023,1,10,,56.3,
U76090905,2023,1,11,17.26,61.95,
U76090905,2023,1,12,15.81,64.24,
U76090905,2023,1,13,17.6,63.46,
U76090905,2023,1,14,16.98,65.41,
U76090905,2023,1,15,17.42,68.02,
U76090905,2023,1,16,17.66,62.63,
U76090905,2023,1,17,17.47,69.09,
U76090905,2023,1,18,16.53,62.24,
U76090905,2023,1,19,16.61,59.07,
U76090905,2023,1,20,16.56,60.79,
U76090905,2023,1,21,16.06,61.23,433.69
U76090905,2023,1,22,16.36,64.77,
U76090905,2023,1,23,16.46,59.07,
U76090905,2023,1,24,16.78,56.7,
U76090905,2023,1,25,17.8,,
U76090905,2023,1,26,17.05,64.0,
U76090905,2023,1,27,17.76,60.24,
U76090905,2023,1,28,16.93,60.2,
U76090905,2023,1,29,17.09,59.94,
U76090905,2023,1,30,16.92,60.03,
U76090905,2023,1,31,17.06,60.77,
U76090905,2023,2,1,17.57,65.9,
U76090905,2023,2,2,16.76,64.11,
U76090905,2023,2,3,16.94,63.64,
U76090905,2023,2,4,16.77,67.2,
U76090905,2023,2,5,17.91,64.7,
U76090905,2023,2,6,17.51,,
U76090905,2023,2,7,19.19,64.24,709.93
U76090905,2023,2,8,17.49,59.47,
U76090905,2023,2,9,16.31,59.64,
U76090905,2023,2,10,18.02,70.39,
U76090905,2023,2,11,17.94,57.76,
U76090905,2023,2,12,16.57,59.87,
U76090905,2023,2,13,17.71,59.86,
U76090905,2023,2,14,16.7,59.79,
U76090905,2023,2,15,16.82,64.12,
U76090905,2023,2,16,17.39,59.58,
U76090905,2023,2,17,16.08,60.74,
U76090905,2023,2,18,17.47,62.17,
U76090905,2023,2,19,16.52,59.53,554.94
U76090905,2023,2,20,16.35,62.13,667.75
U76090905,2023,2,21,17.43,61.92,
U76090905,2023,2,22,17.14,57.15,
U76090905,2023,2,23,17.57,,
U76090905,2023,2,24,17.06,63.65,704.21
U76090905,2023,2,25,16.65,58.93,
U76090905,2023,2,26,17.45,60.07,
U76090905,2023,2,27,17.58,64.86,
U76090905,2023,2,28,17.28,57.87,
U76090905,2023,3,1,17.66,62.16,766.73
U76090905,2023,3,2,18.49,58.5,
U76090905,2023,3,3,17.22,61.03,
U76090905,2023,3,4,17.5,58.9,
U76090905,2023,3,5,17.53,60.1,
U76090905,2023,3,6,17.73,64.48,565.42
U76090905,2023,3,7,17.22,62.93,
U76090905,2023,3,8,,57.6,
U76090905,2023,3,9,18.43,64.41,
U76090905,2023,3,10,17.19,59.4,
U76090905,2023,3,11,17.47,60.99,
U76090905,2023,3,12,18.36,67.01,598.39
U76090905,2023,3,13,18.3,67.36,554.93
U76090905,2023,3,14,17.86,62.1,
U76090905,2023,3,15,17.92,65.68,
U76090905,2023,3,16,18.05,63.65,
U76090905,2023,3,17,18.2,54.16,
U76090905,2023,3,18,17.41,59.89,
U76090905,2023,3,19,17.71,,
U76090905,2023,3,20,17.69,59.3,
U76090905,2023,3,21,16.88,66.66,
U76090905,2023,3,22,17.76,65.43,
U76090905,2023,3,23,17.6,61.4,573.19
U76090905,2023,3,24,18.13,62.26,
U76090905,2023,3,25,17.5,59.22,
U76090905,2023,3,26,16.61,67.57,
U76090905,2023,3,27,17.51,,
U76090905,2023,3,28,17.15,61.79,736.72
U76090905,2023,3,29,17.76,63.96,557.53
U76090905,2023,3,30,16.93,60.81,
U76090905,2023,3,31,18.33,60.3,673.85
U2414203,2023,1,1,16.75,61.36,
U2414203,2023,1,2,18.8,62.86,
U2414203,2023,1,3,18.29,61.3,547.69
U2414203,2023,1,4,19.26,64.81,644.42
U2414203,2023,1,5,18.36,63.79,593.67
U2414203,2023,1,6,19.35,62.13,
U2414203,2023,1,7,18.74,63.46,603.7
U2414203,2023,1,8,17.91,57.3,656.61
U2414203,2023,1,9,17.63,56.2,536.32
U2414203,2023,1,10,17.87,59.41,707.34
U2414203,2023,1,11,18.65,63.87,
U2414203,2023,1,12,19.03,63.4,652.79
U2414203,2023,1,13,18.61,63.34,606.96
U2414203,2023,1,14,18.04,62.47,
U2414203,2023,1,15,18.41,57.2,694.12
U2414203,2023,1,16,18.81,68.57,
U2414203,2023,1,17,19.03,63.38,654.82
U2414203,2023,1,18,18.7,62.69,590.91
U2414203,2023,1,19,18.56,57.82,735.34
U2414203,2023,1,20,19.03,59.94,
U2414203,2023,1,21,18.97,57.36,
U2414203,2023,1,22,18.41,56.85,612.75
U2414203,2023,1,23,17.5,61.52,678.64
U2414203,2023,1,24,18.56,61.61,
U2414203,2023,1,25,18.6,57.83,
U2414203,2023,1,26,18.94,,
U2414203,2023,1,27,18.5,55.67,700.92
U2414203,2023,1,28,18.58,60.65,
U2414203,2023,1,29,18.46,57.88,666.51
U2414203,2023,1,30,18.94,61.73,715.71
U2414203,2023,1,31,17.63,60.61,485.63
U2414203,2023,2,1,19.91,61.33,761.26
U2414203,2023,2,2,18.57,60.64,
U2414203,2023,2,3,18.57,62.56,
U2414203,2023,2,4,17.89,65.19,
U2414203,2023,2,5,18.22,64.4,703.85
U2414203,2023,2,6,19.59,54.66,551.41
U2414203,2023,2,7,18.99,57.2,656.7
U2414203,2023,2,8,18.43,62.72,
U2414203,2023,2,9,19.47,60.1,614.21
U2414203,2023,2,10,18.71,54.27,605.08
U2414203,2023,2,11,17.44,57.47,
U2414203,2023,2,12,19.21,54.65,679.33
U2414203,2023,2,13,19.02,59.81,650.26
U2414203,2023,2,14,19.21,60.05,
U2414203,2023,2,15,19.26,59.69,669.24
U2414203,2023,2,16,19.02,59.13,627.32
U2414203,2023,2,17,17.53,59.41,
U2414203,2023,2,18,18.08,59.43,
U2414203,2023,2,19,17.66,60.49,668.94
U2414203,2023,2,20,18.8,60.0,730.25
U2414203,2023,2,21,18.39,58.93,791.92
U2414203,2023,2,22,18.31,60.45,654.79
U2414203,2023,2,23,17.82,60.36,
U2414203,2023,2,24,18.64,58.17,
U2414203,2023,2,25,17.28,59.3,668.41
U2414203,2023,2,26,19.0,62.89,701.63
U2414203,2023,2,27,17.81,58.51,703.54
U2414203,2023,2,28,19.18,63.59,598.46
U2414203,2023,3,1,19.34,62.77,624.19
U2414203,2023,3,2,19.69,,656.0
U2414203,2023,3,3,18.74,58.48,
U2414203,2023,3,4,18.26,54.14,601.07
U2414203,2023,3,5,20.1,59.72,
U2414203,2023,3,6,19.3,58.37,
U2414203,2023,3,7,18.54,59.42,681.83
U2414203,2023,3,8,18.93,62.21,
U2414203,2023,3,9,19.23,54.53,
U2414203,2023,3,10,19.65,60.37,602.56
U2414203,2023,3,11,18.95,63.02,617.0
U2414203,2023,3,12,18.56,61.3,610.24
U2414203,2023,3,13,19.57,60.59,767.63
U2414203,2023,3,14,19.57,60.74,
U2414203,2023,3,15,18.45,55.89,
U2414203,2023,3,16,18.8,61.26,
U2414203,2023,3,17,18.77,63.71,
U2414203,2023,3,18,19.0,61.59,761.76
U2414203,2023,3,19,19.14,58.05,608.39
U2414203,2023,3,20,19.07,60.72,710.62
U2414203,2023,3,21,19.91,59.58,684.25
U2414203,2023,3,22,19.1,60.66,727.12
U2414203,2023,3,23,19.99,61.65,605.07
U2414203,2023,3,24,19.33,63.71,602.58
U2414203,2023,3,25,19.21,59.67,497.49
U2414203,2023,3,26,20.03,57.74,
U2414203,2023,3,27,19.55,61.14,
U2414203,2023,3,28,18.89,59.28,
U2414203,2023,3,29,19.23,58.26,559.13
U2414203,2023,3,30,18.29,62.14,
U2414203,2023,3,31,19.42,56.41,711.73
60 belcroft rise,2023,1,1,19.31,64.39,705.91
60 belcroft rise,2023,1,2,18.98,,653.97
60 belcroft rise,2023,1,3,19.16,61.38,684.54
60 belcroft rise,2023,1,4,18.03,61.75,609.37
60 belcroft rise,2023,1,5,18.8,60.7,
60 belcroft rise,2023,1,6,18.04,60.81,639.4
60 belcroft rise,2023,1,7,18.26,57.08,
60 belcroft rise,2023,1,8,18.23,63.25,685.96
60 belcroft rise,2023,1,9,18.44,59.9,704.17
60 belcroft rise,2023,1,10,18.79,57.98,712.46
60 belcroft rise,2023,1,11,18.47,60.76,654.01
60 belcroft rise,2023,1,12,18.26,62.09,619.91
60 belcroft rise,2023,1,13,18.16,62.28,619.9
60 belcroft rise,2023,1,14,18.04,61.04,
60 belcroft rise,2023,1,15,19.54,60.19,
60 belcroft rise,2023,1,16,18.33,58.46,659.5
60 belcroft rise,2023,1,17,18.2,59.93,608.01
60 belcroft rise,2023,1,18,18.16,64.23,622.48
60 belcroft rise,2023,1,19,18.46,61.58,723.14
60 belcroft rise,2023,1,20,18.24,60.91,754.22
60 belcroft rise,2023,1,21,18.87,53.49,
60 belcroft rise,2023,1,22,19.29,61.56,
60 belcroft rise,2023,1,23,18.97,61.81,570.84
60 belcroft rise,2023,1,24,18.81,,
60 belcroft rise,2023,1,25,18.75,58.82,
60 belcroft rise,2023,1,26,19.2,59.02,574.09
60 belcroft rise,2023,1,27,18.45,59.71,525.8
60 belcroft rise,2023,1,28,17.42,62.09,
60 belcroft rise,2023,1,29,18.64,66.84,718.67
60 belcroft rise,2023,1,30,18.4,56.22,656.08
60 belcroft rise,2023,1,31,20.04,63.74,655.03
60 belcroft rise,2023,2,1,19.15,60.47,
60 belcroft rise,2023,2,2,18.77,59.51,600.78
60 belcroft rise,2023,2,3,18.53,59.0,657.37
60 belcroft rise,2023,2,4,18.35,55.27,615.1
60 belcroft rise,2023,2,5,19.81,59.98,586.73
60 belcroft rise,2023,2,6,19.35,65.39,591.24
60 belcroft rise,2023,2,7,19.22,63.44,693.91
60 belcroft rise,2023,2,8,19.39,67.12,668.78
60 belcroft rise,2023,2,9,18.31,61.89,618.25
60 belcroft rise,2023,2,10,18.56,60.96,606.13
60 belcroft rise,2023,2,11,17.89,58.45,
60 belcroft rise,2023,2,12,18.8,61.43,616.26
60 belcroft rise,2023,2,13,19.5,,606.72
60 belcroft rise,2023,2,14,18.14,59.35,
60 belcroft rise,2023,2,15,19.24,58.4,612.02
60 belcroft rise,2023,2,16,18.43,61.27,585.11
60 belcroft rise,2023,2,17,18.72,61.52,669.57
60 belcroft rise,2023,2,18,18.7,53.92,660.08
60 belcroft rise,2023,2,19,18.94,57.15,
60 belcroft rise,2023,2,20,19.25,56.53,623.57
60 belcroft rise,2023,2,21,19.78,56.12,
60 belcroft rise,2023,2,22,18.48,54.01,629.0
60 belcroft rise,2023,2,23,18.57,59.95,
60 belcroft rise,2023,2,24,18.41,,586.92
60 belcroft rise,2023,2,25,18.88,64.46,618.78
60 belcroft rise,2023,2,26,19.36,58.31,
60 belcroft rise,2023,2,27,19.39,57.58,
60 belcroft rise,2023,2,28,18.69,59.3,
60 belcroft rise,2023,3,1,19.48,59.62,746.67
60 belcroft rise,2023,3,2,19.69,,740.28
60 belcroft rise,2023,3,3,19.62,60.67,631.21
60 belcroft rise,2023,3,4,20.57,62.83,638.84
60 belcroft rise,2023,3,5,18.19,58.76,644.07
60 belcroft rise,2023,3,6,18.96,,637.86
60 belcroft rise,2023,3,7,19.37,57.82,739.76
60 belcroft rise,2023,3,8,18.53,54.77,698.13
60 belcroft rise,2023,3,9,19.72,59.62,
60 belcroft rise,2023,3,10,19.68,63.43,
60 belcroft rise,2023,3,11,20.14,58.73,
60 belcroft rise,2023,3,12,20.12,59.27,643.44
60 belcroft rise,2023,3,13,19.34,51.45,635.65
60 belcroft rise,2023,3,14,20.14,57.68,
60 belcroft rise,2023,3,15,18.84,56.44,
60 belcroft rise,2023,3,16,19.32,63.15,610.2
60 belcroft rise,2023,3,17,18.75,59.89,687.19
60 belcroft rise,2023,3,18,20.11,61.11,
60 belcroft rise,2023,3,19,19.14,61.05,
60 belcroft rise,2023,3,20,19.66,,550.4
60 belcroft rise,2023,3,21,19.05,56.75,
60 belcroft rise,2023,3,22,19.92,62.17,
60 belcroft rise,2023,3,23,19.48,55.24,
60 belcroft rise,2023,3,24,18.55,56.45,629.16
60 belcroft rise,2023,3,25,18.84,57.03,508.46
60 belcroft rise,2023,3,26,19.1,63.38,695.9
60 belcroft rise,2023,3,27,18.99,57.74,588.27
60 belcroft rise,2023,3,28,19.86,57.96,618.86
60 belcroft rise,2023,3,29,19.06,,688.19
60 belcroft rise,2023,3,30,19.48,56.19,610.72
60 belcroft rise,2023,3,31,19.37,59.92,
135 draywick place,2023,1,1,18.11,58.81,
135 draywick place,2023,1,2,17.42,65.0,732.25
135 draywick place,2023,1,3,17.47,60.65,736.21
135 draywick place,2023,1,4,17.91,62.15,574.28
135 draywick place,2023,1,5,18.06,60.28,
135 draywick place,2023,1,6,18.12,62.22,640.2
135 draywick place,2023,1,7,18.74,,687.06
135 draywick place,2023,1,8,17.89,57.5,
135 draywick place,2023,1,9,18.08,58.58,653.28
135 draywick place,2023,1,10,18.83,56.07,
135 draywick place,2023,1,11,18.42,61.17,648.52
135 draywick place,2023,1,12,,61.98,654.05
135 draywick place,2023,1,13,17.36,,641.28
135 draywick place,2023,1,14,18.23,59.0,
135 draywick place,2023,1,15,19.08,68.28,
135 draywick place,2023,1,16,18.23,63.22,
135 draywick place,2023,1,17,19.14,62.44,699.84
135 draywick place,2023,1,18,18.25,63.67,673.82
135 draywick place,2023,1,19,18.37,59.95,
135 draywick place,2023,1,20,18.63,57.52,653.71
135 draywick place,2023,1,21,18.73,65.99,610.59
135 draywick place,2023,1,22,18.66,61.62,712.65
135 draywick place,2023,1,23,18.34,59.84,
135 draywick place,2023,1,24,18.59,62.9,686.1
135 draywick place,2023,1,25,19.29,57.25,620.03
135 draywick place,2023,1,26,18.73,62.52,540.11
135 draywick place,2023,1,27,18.33,65.42,
135 draywick place,2023,1,28,18.19,,575.23
135 draywick place,2023,1,29,18.63,61.28,653.88
135 draywick place,2023,1,30,18.22,61.15,
135 draywick place,2023,1,31,18.46,62.17,584.85
135 draywick place,2023,2,1,18.39,56.82,
135 draywick place,2023,2,2,17.6,63.42,647.62
135 draywick place,2023,2,3,18.16,58.25,
135 draywick place,2023,2,4,18.87,64.05,
135 draywick place,2023,2,5,17.65,61.6,676.34
135 draywick place,2023,2,6,17.83,59.4,690.16
135 draywick place,2023,2,7,18.37,64.41,738.32
135 draywick place,2023,2,8,18.39,68.46,685.44
135 draywick place,2023,2,9,17.75,63.56,627.26
135 draywick place,2023,2,10,,61.38,571.44
135 draywick place,2023,2,11,18.63,59.6,
135 draywick place,2023,2,12,18.42,65.0,652.7
135 draywick place,2023,2,13,19.44,62.63,577.14
135 draywick place,2023,2,14,18.13,60.06,
135 draywick place,2023,2,15,17.39,58.87,754.01
135 draywick place,2023,2,16,18.4,60.74,583.14
135 draywick place,2023,2,17,18.88,60.98,628.12
135 draywick place,2023,2,18,17.75,67.4,
135 draywick place,2023,2,19,18.77,63.59,585.0
135 draywick place,2023,2,20,18.86,62.46,616.31
135 draywick place,2023,2,21,18.47,63.15,663.33
135 draywick place,2023,2,22,18.45,61.78,528.96
135 draywick place,2023,2,23,17.59,61.41,683.8
135 draywick place,2023,2,24,19.21,62.22,662.26
135 draywick place,2023,2,25,18.08,60.32,508.06
135 draywick place,2023,2,26,17.96,58.74,703.65
135 draywick place,2023,2,27,17.68,57.1,631.69
135 draywick place,2023,2,28,17.64,54.86,
135 draywick place,2023,3,1,17.78,64.21,561.49
135 draywick place,2023,3,2,18.37,57.75,620.13
135 draywick place,2023,3,3,18.92,58.62,659.01
135 draywick place,2023,3,4,18.42,64.52,666.63
135 draywick place,2023,3,5,19.09,61.75,682.09
135 draywick place,2023,3,6,18.01,58.9,
135 draywick place,2023,3,7,19.04,65.64,
135 draywick place,2023,3,8,19.3,61.34,659.4
135 draywick place,2023,3,9,19.18,61.95,645.72
135 draywick place,2023,3,10,18.44,57.61,548.09
135 draywick place,2023,3,11,18.73,65.37,
135 draywick place,2023,3,12,18.82,62.48,
135 draywick place,2023,3,13,19.54,57.38,739.12
135 draywick place,2023,3,14,19.49,62.33,539.45
135 draywick place,2023,3,15,19.3,60.94,674.02
135 draywick place,2023,3,16,19.37,55.37,
135 draywick place,2023,3,17,18.75,59.18,692.24
135 draywick place,2023,3,18,19.15,62.74,719.5
135 draywick place,2023,3,19,19.06,62.53,707.81
135 draywick place,2023,3,20,18.61,61.03,590.7
135 draywick place,2023,3,21,18.57,64.44,558.98
135 draywick place,2023,3,22,17.92,62.0,747.35
135 draywick place,2023,3,23,18.51,64.78,612.2
135 draywick place,2023,3,24,19.57,59.36,702.21
135 draywick place,2023,3,25,19.54,54.37,659.96
135 draywick place,2023,3,26,19.5,,601.64
135 draywick place,2023,3,27,19.2,63.08,692.58
135 draywick place,2023,3,28,18.43,60.64,604.34
135 draywick place,2023,3,29,18.02,60.81,
135 draywick place,2023,3,30,20.11,54.52,773.31
135 draywick place,2023,3,31,19.55,60.17,552.5
